email_id,email_name,subject,preview_text,email_type,send_date,delivered,opens,clicks,web_version_url,ctr,open_rate,click_to_open_rate
218090128021,Castrol July eNotifier,The Critical Role of Lubrication in Aircraft Reliability and Performance,"{'body': {'value': 'Learn how fluid selection affects hydraulic systems, turbine engines, and landing gear performance in aviation MRO.'}, 'child_css': {}, 'css': {}, 'id': 'preview_text', 'label': 'Preview Text <span class=help-text>This will be used as the preview text that displays in some email clients</span>', 'name': 'preview_text', 'order': 0, 'smart_type': None, 'styles': {}, 'type': 'text'}",Unclassified,2026-07-28,30204,1384,19,https://49073304.hs-sites.com/-temporary-slug-c43672e3-c8fc-480f-a295-70ba3c6ae681,0.0006290557542047411,0.04582174546417693,0.013728323699421965
218289982473,Composites Leadership JotForm (Clone) (Clone),We are looking for Composites Manufacturing Industry Leaders! ,"{'body': {'value': ''}, 'child_css': {}, 'css': {}, 'id': 'preview_text', 'label': 'Preview Text <span class=help-text>This will be used as the preview text that displays in some email clients</span>', 'name': 'preview_text', 'order': 0, 'smart_type': None, 'styles': {}, 'type': 'text'}",Unclassified,2026-07-29,15213,1860,34,https://49073304.hs-sites.com/-temporary-slug-38374925-1458-4d80-b67d-8599e2c40440,0.0022349306514165518,0.12226385328337606,0.01827956989247312
207289409946,Composites Exchange Template,Registration is Open: Future Composites Exchange March 2026 ,"{'body': {'value': ''}, 'child_css': {}, 'css': {}, 'id': 'preview_text', 'label': 'Preview Text <span class=help-text>This will be used as the preview text that displays in some email clients</span>', 'name': 'preview_text', 'order': 0, 'smart_type': None, 'styles': {}, 'type': 'text'}",Unclassified,2026-02-25,0,0,0,,0.0,0.0,0.0
207752447753,From MW Newsletter Template,,"{'body': {'value': ''}, 'child_css': {}, 'css': {}, 'id': 'preview_text', 'label': 'Preview Text <span class=help-text>This will be used as the preview text that displays in some email clients</span>', 'name': 'preview_text', 'order': 0, 'smart_type': None, 'styles': {}, 'type': 'text'}",Unclassified,2026-02-19,0,0,0,https://www.facebook.com/SMEMediaNews,0.0,0.0,0.0
207825276484,RP26 Exhibit Sales Template,Boston 2026: Where Advanced Manufacturing Buyers Will Be,"{'body': {'value': 'Attendees arrive with defined needs, approved budgets, and the intent to meet suppliers face-to-face.'}, 'child_css': {}, 'css': {}, 'id': 'preview_text', 'label': 'Preview Text <span class=help-text>This will be used as the preview text that displays in some email clients</span>', 'name': 'preview_text', 'order': 0, 'smart_type': None, 'styles': {}, 'type': 'text'}",Unclassified,2026-02-25,0,0,0,,0.0,0.0,0.0
207932063627,2026 Membership_SME Engage Feb 20,Register Now: SME Engagement Events,"{'body': {'value': ''}, 'child_css': {}, 'css': {}, 'id': 'preview_text', 'label': 'Preview Text <span class=help-text>This will be used as the preview text that displays in some email clients</span>', 'name': 'preview_text', 'order': 0, 'smart_type': None, 'styles': {}, 'type': 'text'}",Unclassified,2026-02-20,7358,2662,113,https://49073304.hs-sites.com/-temporary-slug-123eb080-8371-4f7b-b871-82f385bb9c4b,0.01535743408534928,0.3617830932318565,0.04244928625093914
205799234638,(A) RP26 Feb Offer Testimonial A,Real Experiences. Real Testimonials.,"{'body': {'value': 'Limited Time February Offer!\xa0 Coffee is ON US!'}, 'child_css': {}, 'css': {}, 'id': 'preview_text', 'label': 'Preview Text <span class=help-text>This will be used as the preview text that displays in some email clients</span>', 'name': 'preview_text', 'order': 0, 'smart_type': None, 'styles': {}, 'type': 'text'}",Unclassified,2026-02-25,32540,3064,124,https://49073304.hs-sites.com/-temporary-slug-9a88a2c7-58f0-4546-9ee6-3d60ca428efc,0.0038106945298094653,0.09416103257529194,0.04046997389033943
207998972080,CADDi Feb 25 Webinar - Last Call,Last Call: How are top manufacturers surviving 2026's challenges?,"{'body': {'value': ""CADDi's 2026 report reveals what's actually driving ROI: physical assets, data access, and selective improvement over transformation.""}, 'child_css': {}, 'css': {}, 'id': 'preview_text', 'label': 'Preview Text <span class=help-text>This will be used as the preview text that displays in some email clients</span>', 'name': 'preview_text', 'order': 0, 'smart_type': None, 'styles': {}, 'type': 'text'}",Unclassified,2026-02-23,14864,779,134,https://49073304.hs-sites.com/-temporary-slug-63128f14-c900-4b7a-8c90-d7c0512bcfc7,0.009015069967707212,0.052408503767491926,0.17201540436456997
207931863187,Sagemont Mar 3 Webinar - Email 3,"{{ personalization_token('contact.firstname', 'Hi') }}, we think you'll enjoy today's virtual event","{'body': {'value': ""R&D tax credits go unclaimed every year because manufacturers don't know they qualify. OBBB just made the opportunity bigger.""}, 'child_css': {}, 'css': {}, 'id': 'preview_text', 'label': 'Preview Text <span class=help-text>This will be used as the preview text that displays in some email clients</span>', 'name': 'preview_text', 'order': 0, 'smart_type': None, 'styles': {}, 'type': 'text'}",Unclassified,2026-03-02,42174,2452,253,https://49073304.hs-sites.com/are-you-leaving-rd-tax-credits-on-the-table,0.005998956703182056,0.05814008630910039,0.10318107667210441
208035990432,MMTS 2026 - EX 08 - CAN (EN),Where else will you meet Québec’s manufacturing decision-makers?,"{'body': {'value': '5,000 manufacturing professionals. One roof. Two focused days.'}, 'child_css': {}, 'css': {}, 'id': 'preview_text', 'label': 'Preview Text <span class=help-text>This will be used as the preview text that displays in some email clients</span>', 'name': 'preview_text', 'order': 0, 'smart_type': None, 'styles': {}, 'type': 'text'}",Unclassified,2026-03-11,5698,1386,49,https://www.facebook.com/MMTSevent,0.0085995085995086,0.24324324324324326,0.03535353535353535
208037353621,MMTS 2026 - AT 01 - CAN (EN),Have you registered for MMTS 2026?,"{'body': {'value': 'See what awaits at Québec’s largest manufacturing technology event.'}, 'child_css': {}, 'css': {}, 'id': 'preview_text', 'label': 'Preview Text <span class=help-text>This will be used as the preview text that displays in some email clients</span>', 'name': 'preview_text', 'order': 0, 'smart_type': None, 'styles': {}, 'type': 'text'}",Unclassified,2026-03-13,6859,2339,108,https://www.facebook.com/MMTSevent,0.015745735529960635,0.3410118093016475,0.046173578452330055
207931688307,Cadonix Mar 11 Webinar - Email 1,Wire harness rework is killing your margins. Here's how to fix it.,"{'body': {'value': 'See how digital execution eliminates formboard errors, cuts training time, and scales production without adding headcount.'}, 'child_css': {}, 'css': {}, 'id': 'preview_text', 'label': 'Preview Text <span class=help-text>This will be used as the preview text that displays in some email clients</span>', 'name': 'preview_text', 'order': 0, 'smart_type': None, 'styles': {}, 'type': 'text'}",Unclassified,2026-02-23,41247,2945,423,https://49073304.hs-sites.com/wire-harness-rework-is-killing-your-margins.-heres-how-to-fix-it,0.010255291293912285,0.07139913205808908,0.14363327674023768
208257479314,May MET Decision Makers,Reach Decision Makers in Manufacturing,"{'body': {'value': 'Boost visibility and credibility with targeted placements today.'}, 'child_css': {}, 'css': {}, 'id': 'preview_text', 'label': 'Preview Text <span class=help-text>This will be used as the preview text that displays in some email clients</span>', 'name': 'preview_text', 'order': 0, 'smart_type': None, 'styles': {}, 'type': 'text'}",Unclassified,2026-02-26,0,0,0,,0.0,0.0,0.0
208307433352,(B) RP26 Feb Offer Testimonial B,Curious? Hear from verified attendees!,"{'body': {'value': 'Limited Time February Offer! \xa0Coffee is ON US!'}, 'child_css': {}, 'css': {}, 'id': 'preview_text', 'label': 'Preview Text <span class=help-text>This will be used as the preview text that displays in some email clients</span>', 'name': 'preview_text', 'order': 0, 'smart_type': None, 'styles': {}, 'type': 'text'}",Unclassified,2026-02-25,3740,431,19,https://49073304.hs-sites.com/-temporary-slug-81a24dc6-cdf5-46db-b7fb-1ad4c3fcc603,0.0050802139037433155,0.11524064171122994,0.04408352668213457
208311093557,2026 Membership_Student Madness & Events,Ready to Compete? Membership Madness Begins Sunday,"{'body': {'value': 'Everything to know + register for virtual engagement events'}, 'child_css': {}, 'css': {}, 'id': 'preview_text', 'label': 'Preview Text <span class=help-text>This will be used as the preview text that displays in some email clients</span>', 'name': 'preview_text', 'order': 0, 'smart_type': None, 'styles': {}, 'type': 'text'}",Unclassified,2026-02-25,2285,917,26,https://49073304.hs-sites.com/sme-student-membership-madness-upcoming-events,0.011378555798687089,0.4013129102844639,0.028353326063249727
208197323601,Mastercam Mar 5 Webinar - Email 2,"Mastercam 2026.R2: Faster simulation, smarter setups","{'body': {'value': ""GPU acceleration, AI-assisted programming, and multiaxis enhancements. See what's new in the Feb 2 release.""}, 'child_css': {}, 'css': {}, 'id': 'preview_text', 'label': 'Preview Text <span class=help-text>This will be used as the preview text that displays in some email clients</span>', 'name': 'preview_text', 'order': 0, 'smart_type': None, 'styles': {}, 'type': 'text'}",Unclassified,2026-02-24,42230,2789,131,https://49073304.hs-sites.com/-temporary-slug-c8718454-997b-4110-b2ea-09e335f8857c,0.0031020601468150603,0.06604309732417712,0.04697024022947293
208257477457,Ceratizit Mar 12 Webinar - Email 1,"{{ personalization_token('contact.firstname', 'Hi') }}, we think you'll enjoy this upcoming virtual event","{'body': {'value': 'Learn which drilling, boring, and reaming strategies deliver tighter tolerances, longer tool life, and faster production across steel, stainless, titanium, and cast iron.'}, 'child_css': {}, 'css': {}, 'id': 'preview_text', 'label': 'Preview Text <span class=help-text>This will be used as the preview text that displays in some email clients</span>', 'name': 'preview_text', 'order': 0, 'smart_type': None, 'styles': {}, 'type': 'text'}",Unclassified,2026-02-27,43120,2711,105,https://49073304.hs-sites.com/cut-hole-making-cycle-time-without-sacrificing-quality,0.002435064935064935,0.06287105751391465,0.03873109553670232
208390326960,RP26 Top 5 MTEast,Love MT East? Join us next month in Boston!,"{'body': {'value': 'Advanced & Additive Manufacturing in Massachusetts'}, 'child_css': {}, 'css': {}, 'id': 'preview_text', 'label': 'Preview Text <span class=help-text>This will be used as the preview text that displays in some email clients</span>', 'name': 'preview_text', 'order': 0, 'smart_type': None, 'styles': {}, 'type': 'text'}",Unclassified,2026-03-30,9983,1110,107,https://49073304.hs-sites.com/-temporary-slug-8f0f59c3-a5cc-4cdd-81f7-3399d5cbecdb,0.01071822097565862,0.11118902133627166,0.0963963963963964
208398819190,(B) MW 2/27/26,Your MW Newsletter Is Here,"{'body': {'value': 'February 27, 2026 - Apple Moves to America, Pentagon Quizzes Contractors'}, 'child_css': {}, 'css': {}, 'id': 'preview_text', 'label': 'Preview Text <span class=help-text>This will be used as the preview text that displays in some email clients</span>', 'name': 'preview_text', 'order': 0, 'smart_type': None, 'styles': {}, 'type': 'text'}",Newsletter,2026-02-27,15106,1777,175,https://www.facebook.com/SMEMediaNews,0.011584800741427247,0.11763537667152126,0.09848058525604952
208327376719,2026 Membership_SME Engage Feb 27,Register Now: SME Engagement Events,"{'body': {'value': ''}, 'child_css': {}, 'css': {}, 'id': 'preview_text', 'label': 'Preview Text <span class=help-text>This will be used as the preview text that displays in some email clients</span>', 'name': 'preview_text', 'order': 0, 'smart_type': None, 'styles': {}, 'type': 'text'}",Unclassified,2026-02-25,7749,2361,165,https://49073304.hs-sites.com/register-now-sme-engagement-events,0.02129307007355788,0.3046844754161827,0.0698856416772554
208184462368,MW 2/24/26,Your MW Newsletter Is Here,"{'body': {'value': ""February 24, 2026 - America's Future Factory, President Persists on Tariffs""}, 'child_css': {}, 'css': {}, 'id': 'preview_text', 'label': 'Preview Text <span class=help-text>This will be used as the preview text that displays in some email clients</span>', 'name': 'preview_text', 'order': 0, 'smart_type': None, 'styles': {}, 'type': 'text'}",Newsletter,2026-02-24,60739,9937,4824,https://www.facebook.com/SMEMediaNews,0.07942178830734783,0.16360163980309192,0.4854583878434135
208394338214,(A) MW 2/27/26,Your MW Newsletter Is Here,"{'body': {'value': 'February 27, 2026 - Apple Moves to America, Pentagon Quizzes Contractors'}, 'child_css': {}, 'css': {}, 'id': 'preview_text', 'label': 'Preview Text <span class=help-text>This will be used as the preview text that displays in some email clients</span>', 'name': 'preview_text', 'order': 0, 'smart_type': None, 'styles': {}, 'type': 'text'}",Newsletter,2026-02-27,60167,5896,457,https://www.facebook.com/SMEMediaNews,0.007595525786560739,0.09799391693120814,0.0775101763907734
208444017051,(A) MW 3/3/26,Your MW Newsletter Is Here,"{'body': {'value': 'March 3, 2026 - Iran Conflict, Manufacturing Expands'}, 'child_css': {}, 'css': {}, 'id': 'preview_text', 'label': 'Preview Text <span class=help-text>This will be used as the preview text that displays in some email clients</span>', 'name': 'preview_text', 'order': 0, 'smart_type': None, 'styles': {}, 'type': 'text'}",Newsletter,2026-03-03,60127,3424,329,https://www.facebook.com/SMEMediaNews,0.005471751459410913,0.05694613069003942,0.09608644859813084
208453962024,Digital MET Notification April 2026,Manufacturing Engineering and Technology is LIVE!,"{'body': {'value': 'This issue includes features on micro printing, advanced automation, measurement-driven machining and sustainable production'}, 'child_css': {}, 'css': {}, 'id': 'preview_text', 'label': 'Preview Text <span class=help-text>This will be used as the preview text that displays in some email clients</span>', 'name': 'preview_text', 'order': 0, 'smart_type': None, 'styles': {}, 'type': 'text'}",Unclassified,2026-04-01,21842,5097,325,https://49073304.hs-sites.com/-temporary-slug-5218c210-8fc8-4487-b207-e0ebd4dfcd87,0.014879589781155571,0.23335775112169216,0.06376299784186777
208457884310,Composites Exchange Template (Clone),Now Available: Future Composites Exchange Technical Program,"{'body': {'value': 'Join industry leaders at the Future Composites Exchange 2026.'}, 'child_css': {}, 'css': {}, 'id': 'preview_text', 'label': 'Preview Text <span class=help-text>This will be used as the preview text that displays in some email clients</span>', 'name': 'preview_text', 'order': 0, 'smart_type': None, 'styles': {}, 'type': 'text'}",Unclassified,2026-02-27,44040,5069,340,https://49073304.hs-sites.com/-temporary-slug-a979cdf8-d135-48c5-8ed5-58c0ce7ae404,0.007720254314259764,0.11509990917347866,0.06707437364371671
208587453721,Mastercam Mar 5 Webinar - Email 3,"{{ personalization_token('contact.firstname', 'Hi') }}, we think you'll enjoy today's webinar","{'body': {'value': ""GPU acceleration, AI-assisted programming, and multiaxis enhancements. See what's new in the Feb 2 release.""}, 'child_css': {}, 'css': {}, 'id': 'preview_text', 'label': 'Preview Text <span class=help-text>This will be used as the preview text that displays in some email clients</span>', 'name': 'preview_text', 'order': 0, 'smart_type': None, 'styles': {}, 'type': 'text'}",Unclassified,2026-03-02,40422,1913,148,https://49073304.hs-sites.com/-temporary-slug-4f40772e-cb6e-4ebe-9770-ab0cc40503b5,0.003661372519914898,0.04732571372025135,0.07736539466806064
208591850573,RP26 Testimonial Media Sponsor,Real Experiences. Real Testimonials.,"{'body': {'value': 'Limited Time February Offer!\xa0 Coffee is ON US!'}, 'child_css': {}, 'css': {}, 'id': 'preview_text', 'label': 'Preview Text <span class=help-text>This will be used as the preview text that displays in some email clients</span>', 'name': 'preview_text', 'order': 0, 'smart_type': None, 'styles': {}, 'type': 'text'}",Unclassified,2026-03-02,0,0,0,,0.0,0.0,0.0
208592284223,2026 Membership_Spotlight Feb Post-Event,"Your Replay of ""Turning Customer Conversations into Product Decisions"" is Now Available","{'body': {'value': 'Watch the replay now'}, 'child_css': {}, 'css': {}, 'id': 'preview_text', 'label': 'Preview Text <span class=help-text>This will be used as the preview text that displays in some email clients</span>', 'name': 'preview_text', 'order': 0, 'smart_type': None, 'styles': {}, 'type': 'text'}",Unclassified,2026-03-02,35,26,7,https://49073304.hs-sites.com/-temporary-slug-06e6b873-8206-4134-85ae-9b256870c098,0.2,0.7428571428571429,0.2692307692307692
208600639270,2026 Membership_March Madness 2,Membership Madness is LIVE!,"{'body': {'value': 'Is your chapter earning points?'}, 'child_css': {}, 'css': {}, 'id': 'preview_text', 'label': 'Preview Text <span class=help-text>This will be used as the preview text that displays in some email clients</span>', 'name': 'preview_text', 'order': 0, 'smart_type': None, 'styles': {}, 'type': 'text'}",Unclassified,2026-03-02,2061,480,19,https://49073304.hs-sites.com/ready-to-compete-membership-madness-begins-sunday,0.009218825812712276,0.2328966521106259,0.03958333333333333
208600530558,(B) MW 3/3/26,Your MW Newsletter Is Here,"{'body': {'value': 'March 3, 2026 - Iran Conflict, Manufacturing Expands'}, 'child_css': {}, 'css': {}, 'id': 'preview_text', 'label': 'Preview Text <span class=help-text>This will be used as the preview text that displays in some email clients</span>', 'name': 'preview_text', 'order': 0, 'smart_type': None, 'styles': {}, 'type': 'text'}",Newsletter,2026-03-03,15133,1004,90,https://www.facebook.com/SMEMediaNews,0.005947267560959492,0.066345073680037,0.08964143426294821
208591738674,Digital MET Notification March 2026,Manufacturing Engineering and Technology is LIVE!,"{'body': {'value': ''}, 'child_css': {}, 'css': {}, 'id': 'preview_text', 'label': 'Preview Text <span class=help-text>This will be used as the preview text that displays in some email clients</span>', 'name': 'preview_text', 'order': 0, 'smart_type': None, 'styles': {}, 'type': 'text'}",Unclassified,2026-03-04,40624,5428,213,https://49073304.hs-sites.com/-temporary-slug-202c3a55-6535-400b-82a4-f9c101e37e79,0.005243205986608901,0.13361559669161088,0.039240972733972
208648654700,May MET Decision Makers (Clone),Reach Decision Makers in Manufacturing,"{'body': {'value': 'Boost visibility and credibility with targeted placements today.'}, 'child_css': {}, 'css': {}, 'id': 'preview_text', 'label': 'Preview Text <span class=help-text>This will be used as the preview text that displays in some email clients</span>', 'name': 'preview_text', 'order': 0, 'smart_type': None, 'styles': {}, 'type': 'text'}",Unclassified,2026-03-03,4832,389,12,https://49073304.hs-sites.com/-temporary-slug-1f48c50a-b3e3-403f-abf4-d67467039377,0.0024834437086092716,0.08050496688741722,0.030848329048843187
208406807559,(A) RP26 Feb Offer Testimonial A - Version A (Clone),Last Chance for February Perk (pun intended),"{'body': {'value': 'Register Today to Claim!'}, 'child_css': {}, 'css': {}, 'id': 'preview_text', 'label': 'Preview Text <span class=help-text>This will be used as the preview text that displays in some email clients</span>', 'name': 'preview_text', 'order': 0, 'smart_type': None, 'styles': {}, 'type': 'text'}",Unclassified,2026-02-26,75065,6347,323,https://49073304.hs-sites.com/-temporary-slug-5237a668-8e75-4b93-96cb-9b59167b4b49,0.0043029374542063546,0.08455338706454406,0.05089018433905782
208648981624,HubSpot Users Test,This is Your HubSpot Email Test,"{'body': {'value': ''}, 'child_css': {}, 'css': {}, 'id': 'preview_text', 'label': 'Preview Text <span class=help-text>This will be used as the preview text that displays in some email clients</span>', 'name': 'preview_text', 'order': 0, 'smart_type': None, 'styles': {}, 'type': 'text'}",Unclassified,2026-03-03,12,32,0,https://49073304.hs-sites.com/-temporary-slug-b8835cd5-2354-40e2-9d4e-5dd2f5907afa,0.0,2.6666666666666665,0.0
208665796180,RP26 Top 5 3Dnatives,Real Experiences. Real Testimonials.,"{'body': {'value': 'Limited Time February Offer!\xa0 Coffee is ON US!'}, 'child_css': {}, 'css': {}, 'id': 'preview_text', 'label': 'Preview Text <span class=help-text>This will be used as the preview text that displays in some email clients</span>', 'name': 'preview_text', 'order': 0, 'smart_type': None, 'styles': {}, 'type': 'text'}",Unclassified,2026-03-04,0,0,0,,0.0,0.0,0.0
208665850232,New email,,"{'body': {'value': ''}, 'child_css': {}, 'css': {}, 'id': 'preview_text', 'label': 'Preview Text <span class=help-text>This will be used as the preview text that displays in some email clients</span>', 'name': 'preview_text', 'order': 0, 'smart_type': None, 'styles': {}, 'type': 'text'}",Unclassified,2026-03-03,0,0,0,,0.0,0.0,0.0
208641935201,RP26 EMP Formlabs,Your Chance at $500 FORMLABS On-Demand 3D Printing Service!,"{'body': {'value': 'Winner Drawn at RAPID + TCT this April!'}, 'child_css': {}, 'css': {}, 'id': 'preview_text', 'label': 'Preview Text <span class=help-text>This will be used as the preview text that displays in some email clients</span>', 'name': 'preview_text', 'order': 0, 'smart_type': None, 'styles': {}, 'type': 'text'}",Unclassified,2026-03-03,39125,3434,143,https://49073304.hs-sites.com/-temporary-slug-eecda426-6a2d-4a0a-96fc-f2f6f9bfa954,0.0036549520766773163,0.08776996805111821,0.041642399534071055
208648696976,MW 3/6/26,Your MW Newsletter Is Here,"{'body': {'value': 'March 6, 2026 - New Metrology Tools, Stratasys Stock Falls'}, 'child_css': {}, 'css': {}, 'id': 'preview_text', 'label': 'Preview Text <span class=help-text>This will be used as the preview text that displays in some email clients</span>', 'name': 'preview_text', 'order': 0, 'smart_type': None, 'styles': {}, 'type': 'text'}",Newsletter,2026-03-06,56309,3745,316,https://www.facebook.com/SMEMediaNews,0.005611891527109343,0.06650801825640662,0.08437917222963952
208739017529,SME AM Awards Gala,Join Us for the SME AM Awards Gala 🎊 - RSVP Today,"{'body': {'value': 'RSVP Today\xa0'}, 'child_css': {}, 'css': {}, 'id': 'preview_text', 'label': 'Preview Text <span class=help-text>This will be used as the preview text that displays in some email clients</span>', 'name': 'preview_text', 'order': 0, 'smart_type': None, 'styles': {}, 'type': 'text'}",Unclassified,2026-03-06,98,227,4,https://49073304.hs-sites.com/you-are-invited-sme-am-awards-gala,0.04081632653061224,2.316326530612245,0.01762114537444934
208720825406,RP26 Conf Promo,"{{ personalization_token('contact.firstname', 'Friend') }}, hear what 96% of conference delegates reported!","{'body': {'value': 'Real impact. Satisfaction guaranteed.'}, 'child_css': {}, 'css': {}, 'id': 'preview_text', 'label': 'Preview Text <span class=help-text>This will be used as the preview text that displays in some email clients</span>', 'name': 'preview_text', 'order': 0, 'smart_type': None, 'styles': {}, 'type': 'text'}",Unclassified,2026-03-05,44670,2950,109,https://49073304.hs-sites.com/-temporary-slug-306c39b4-77a0-43ab-b3f1-5ff7718fa602,0.002440116409223192,0.06603984777255428,0.03694915254237288
208641983511,Cadonix Mar 11 Webinar - Email 2,"{{ personalization_token('contact.firstname', 'Hi') }}, you don't want to miss our upcoming webinar","{'body': {'value': 'See how digital execution eliminates formboard errors, cuts training time, and scales production without adding headcount.'}, 'child_css': {}, 'css': {}, 'id': 'preview_text', 'label': 'Preview Text <span class=help-text>This will be used as the preview text that displays in some email clients</span>', 'name': 'preview_text', 'order': 0, 'smart_type': None, 'styles': {}, 'type': 'text'}",Unclassified,2026-03-04,33547,2651,166,https://49073304.hs-sites.com/-temporary-slug-aedea7a3-5371-4e10-91c7-90307ba558f7,0.004948281515485736,0.07902345962381137,0.06261788004526593
208774654590,RP26 Drip #2 Top 5,💡 Top 5 reasons to attend!,"{'body': {'value': '🎟️ Your ticket to additive excellence.'}, 'child_css': {}, 'css': {}, 'id': 'preview_text', 'label': 'Preview Text <span class=help-text>This will be used as the preview text that displays in some email clients</span>', 'name': 'preview_text', 'order': 0, 'smart_type': None, 'styles': {}, 'type': 'text'}",Unclassified,2026-03-06,0,0,0,,0.0,0.0,0.0
208774696467,RP26 Drip #3 Testimonial,Real Experiences. Real Testimonials.,"{'body': {'value': 'Claim your free Expo Pass'}, 'child_css': {}, 'css': {}, 'id': 'preview_text', 'label': 'Preview Text <span class=help-text>This will be used as the preview text that displays in some email clients</span>', 'name': 'preview_text', 'order': 0, 'smart_type': None, 'styles': {}, 'type': 'text'}",Unclassified,2026-03-06,0,0,0,,0.0,0.0,0.0
208767700616,May MET NAICS: Smart Manufacturing,Reach Smart Manufacturing Leaders in MET’s May Issue,"{'body': {'value': ''}, 'child_css': {}, 'css': {}, 'id': 'preview_text', 'label': 'Preview Text <span class=help-text>This will be used as the preview text that displays in some email clients</span>', 'name': 'preview_text', 'order': 0, 'smart_type': None, 'styles': {}, 'type': 'text'}",Unclassified,2026-03-05,4964,396,2,https://49073304.hs-sites.com/-temporary-slug-f3efa641-5a8f-43a6-9c22-d41dd7592a2a,0.00040290088638195,0.07977437550362611,0.005050505050505051
208706210997,2026 Membership_MES March #1,3 Alloys That Are Changing Manufacturing in 2026,"{'body': {'value': ""And the real-world case studies, from Tesla's battery line to tunnel boring machines, that prove it.""}, 'child_css': {}, 'css': {}, 'id': 'preview_text', 'label': 'Preview Text <span class=help-text>This will be used as the preview text that displays in some email clients</span>', 'name': 'preview_text', 'order': 0, 'smart_type': None, 'styles': {}, 'type': 'text'}",Unclassified,2026-03-04,51802,6905,218,https://49073304.hs-sites.com/-temporary-slug-20e8cb90-7e88-4500-a03f-a7b90ceda731,0.004208331724643836,0.13329601173699857,0.03157132512671977
208775614812,(A) MW 3/10/26,Your MW Newsletter Is Here,"{'body': {'value': 'March 10, 2026 - Defense Production to ""Quadruple,"" Automation to double'}, 'child_css': {}, 'css': {}, 'id': 'preview_text', 'label': 'Preview Text <span class=help-text>This will be used as the preview text that displays in some email clients</span>', 'name': 'preview_text', 'order': 0, 'smart_type': None, 'styles': {}, 'type': 'text'}",Newsletter,2026-03-10,47690,3982,274,https://www.facebook.com/SMEMediaNews,0.00574543929544978,0.08349758859299644,0.06880964339527876
208767604504,Design-2-Part Mar 10 Custom Email,Announcing the Irving Show in April,"{'body': {'value': 'Meet top U.S. manufacturers. Compare parts. Get answers fast.'}, 'child_css': {}, 'css': {}, 'id': 'preview_text', 'label': 'Preview Text <span class=help-text>This will be used as the preview text that displays in some email clients</span>', 'name': 'preview_text', 'order': 0, 'smart_type': None, 'styles': {}, 'type': 'text'}",Advertising,2026-03-09,30981,2075,201,https://49073304.hs-sites.com/announcing-the-irving-show-in-april,0.006487847390336012,0.06697653400471257,0.09686746987951807
208788348292,Sample,,"{'body': {'value': ''}, 'child_css': {}, 'css': {}, 'id': 'preview_text', 'label': 'Preview Text <span class=help-text>This will be used as the preview text that displays in some email clients</span>', 'name': 'preview_text', 'order': 0, 'smart_type': None, 'styles': {}, 'type': 'text'}",Unclassified,2026-03-05,0,0,0,,0.0,0.0,0.0
208788443939,(B) RP26 Conf Promo Group2,"{{ personalization_token('contact.firstname', 'Friend') }}, curious about the 96% conference satisfaction rate?","{'body': {'value': 'Satisfaction guaranteed or your money back.'}, 'child_css': {}, 'css': {}, 'id': 'preview_text', 'label': 'Preview Text <span class=help-text>This will be used as the preview text that displays in some email clients</span>', 'name': 'preview_text', 'order': 0, 'smart_type': None, 'styles': {}, 'type': 'text'}",Unclassified,2026-03-06,4849,408,39,https://49073304.hs-sites.com/-temporary-slug-6b2ab35b-5948-4b2f-a5e1-71181861d950,0.00804289544235925,0.08414106001237369,0.09558823529411764
208780978093,Composites Exchange Email 3,Smart Lamination + Applied AI: Featured Sessions at Future Composites Exchange,"{'body': {'value': 'Register Today! Join industry leaders at the Future Composites Exchange 2026.'}, 'child_css': {}, 'css': {}, 'id': 'preview_text', 'label': 'Preview Text <span class=help-text>This will be used as the preview text that displays in some email clients</span>', 'name': 'preview_text', 'order': 0, 'smart_type': None, 'styles': {}, 'type': 'text'}",Unclassified,2026-03-06,29371,2861,103,https://49073304.hs-sites.com/-temporary-slug-4b50df13-124f-404d-84be-f907deb9b498,0.0035068605086650095,0.09740900888631643,0.03600139811254806
208841597957,SMEEF SME PRIME Launch Event_Ludlow_03062026,You're Invited: Celebrate the SME PRIME Launch at Ludlow High,"{'body': {'value': 'Come celebrate this exciting new chapter with students, educators, and community leaders.'}, 'child_css': {}, 'css': {}, 'id': 'preview_text', 'label': 'Preview Text <span class=help-text>This will be used as the preview text that displays in some email clients</span>', 'name': 'preview_text', 'order': 0, 'smart_type': None, 'styles': {}, 'type': 'text'}",Unclassified,2026-03-26,59,487,59,https://49073304.hs-sites.com/-temporary-slug-ad8a7839-2820-4249-9da1-e6e1dad22cb5,1.0,8.254237288135593,0.12114989733059549
208848992586,RP26 Drip #1 Hands On,🔍 95% Say Hands-On Demos Determine Product Fit,"{'body': {'value': 'Experience additive manufacturing — 450+ solutions providers!'}, 'child_css': {}, 'css': {}, 'id': 'preview_text', 'label': 'Preview Text <span class=help-text>This will be used as the preview text that displays in some email clients</span>', 'name': 'preview_text', 'order': 0, 'smart_type': None, 'styles': {}, 'type': 'text'}",Unclassified,2026-03-13,0,0,0,,0.0,0.0,0.0
208849273455,New email,,"{'body': {'value': ''}, 'child_css': {}, 'css': {}, 'id': 'preview_text', 'label': 'Preview Text <span class=help-text>This will be used as the preview text that displays in some email clients</span>', 'name': 'preview_text', 'order': 0, 'smart_type': None, 'styles': {}, 'type': 'text'}",Unclassified,2026-03-06,0,0,0,,0.0,0.0,0.0
208787973542,(A) RP26 Conf Promo Group2,"{{ personalization_token('contact.firstname', 'Friend') }}, join the 96% of satisfied conference delegates!","{'body': {'value': 'Satisfaction guaranteed or your money back.'}, 'child_css': {}, 'css': {}, 'id': 'preview_text', 'label': 'Preview Text <span class=help-text>This will be used as the preview text that displays in some email clients</span>', 'name': 'preview_text', 'order': 0, 'smart_type': None, 'styles': {}, 'type': 'text'}",Unclassified,2026-03-05,50803,4187,145,https://49073304.hs-sites.com/-temporary-slug-493b37c7-1daf-4fcf-b537-a9be8fb4848a,0.002854162155778202,0.08241639273271263,0.03463100071650346
208788459021,NAMRC 54 Registration Open,NAMRC 54 Registration is Now Open,"{'body': {'value': ''}, 'child_css': {}, 'css': {}, 'id': 'preview_text', 'label': 'Preview Text <span class=help-text>This will be used as the preview text that displays in some email clients</span>', 'name': 'preview_text', 'order': 0, 'smart_type': None, 'styles': {}, 'type': 'text'}",Unclassified,2026-03-06,18544,5113,299,https://49073304.hs-sites.com/-temporary-slug-7e687de9-6d59-4cd2-bce8-bf42ccc1001d,0.01612381363244176,0.2757226056945643,0.058478388421670253
208787916123,2026 Membership_SME Engage March 6 v2,Register Now: SME Engagement Events,"{'body': {'value': ""See what's upcoming with SME membership engagement events""}, 'child_css': {}, 'css': {}, 'id': 'preview_text', 'label': 'Preview Text <span class=help-text>This will be used as the preview text that displays in some email clients</span>', 'name': 'preview_text', 'order': 0, 'smart_type': None, 'styles': {}, 'type': 'text'}",Unclassified,2026-03-05,7146,2349,344,https://49073304.hs-sites.com/register-now-sme-engagement-events-2,0.04813881891967534,0.32871536523929473,0.14644529587058322
208857100557,Blue Sky Email 4,Got a Bold Idea? Submit It Here,"{'body': {'value': ''}, 'child_css': {}, 'css': {}, 'id': 'preview_text', 'label': 'Preview Text <span class=help-text>This will be used as the preview text that displays in some email clients</span>', 'name': 'preview_text', 'order': 0, 'smart_type': None, 'styles': {}, 'type': 'text'}",Unclassified,2026-03-11,15904,3104,312,https://49073304.hs-sites.com/-temporary-slug-eb46b624-c7c8-49c0-a20f-982bd14d728e,0.019617706237424547,0.19517102615694165,0.10051546391752578
208961843492,Cadonix Mar 11 Webinar - Email 3,"{{ personalization_token('contact.firstname', 'Hi') }}, we think you'll enjoy tomorrow's webinar!","{'body': {'value': 'See how digital execution eliminates formboard errors, cuts training time, and scales production without adding headcount.'}, 'child_css': {}, 'css': {}, 'id': 'preview_text', 'label': 'Preview Text <span class=help-text>This will be used as the preview text that displays in some email clients</span>', 'name': 'preview_text', 'order': 0, 'smart_type': None, 'styles': {}, 'type': 'text'}",Unclassified,2026-03-09,33465,1769,190,https://49073304.hs-sites.com/-temporary-slug-7646181d-d88c-4521-b891-20dec3624848,0.00567757358434185,0.05286119826684596,0.10740531373657433
208991927388,(A) MW 3/13/26,Your MW Newsletter Is Here,"{'body': {'value': 'March 13, 2026 - BMW Pushes Additive, Nvidia Trains Physical AI'}, 'child_css': {}, 'css': {}, 'id': 'preview_text', 'label': 'Preview Text <span class=help-text>This will be used as the preview text that displays in some email clients</span>', 'name': 'preview_text', 'order': 0, 'smart_type': None, 'styles': {}, 'type': 'text'}",Newsletter,2026-03-13,9559,3705,184,https://www.facebook.com/SMEMediaNews,0.01924887540537713,0.38759284443979497,0.049662618083670715
208970672292,Ceratizit Mar 12 Webinar - Email 2,"{{ personalization_token('contact.firstname', 'Hi') }}, we think you'll enjoy tomorrow's upcoming virtual event","{'body': {'value': 'Learn which drilling, boring, and reaming strategies deliver tighter tolerances, longer tool life, and faster production across steel, stainless, titanium, and cast iron.'}, 'child_css': {}, 'css': {}, 'id': 'preview_text', 'label': 'Preview Text <span class=help-text>This will be used as the preview text that displays in some email clients</span>', 'name': 'preview_text', 'order': 0, 'smart_type': None, 'styles': {}, 'type': 'text'}",Unclassified,2026-03-09,30913,2423,136,https://49073304.hs-sites.com/-temporary-slug-37e56943-75f9-4701-aead-c04799900ea8,0.004399443599780028,0.07838126354608094,0.056128765992571196
208982602614,Design-2-Part Mar 17 Custom Email,Announcing the Irving Show in April,"{'body': {'value': 'April 1-2: Meet 210+ suppliers for custom parts, prototypes, and assemblies @ the Irving Convention Center. Free admission.'}, 'child_css': {}, 'css': {}, 'id': 'preview_text', 'label': 'Preview Text <span class=help-text>This will be used as the preview text that displays in some email clients</span>', 'name': 'preview_text', 'order': 0, 'smart_type': None, 'styles': {}, 'type': 'text'}",Advertising,2026-03-09,25553,1828,113,https://49073304.hs-sites.com/announcing-the-irving-show-in-april-1,0.004422181348569639,0.07153758854146285,0.06181619256017506
209041225140,2026 Membership_MES March #2b,What 60 minutes with a NASA materials engineer could change for you,"{'body': {'value': ""And the real-world case studies, from Tesla's battery line to tunnel boring machines, that prove it.""}, 'child_css': {}, 'css': {}, 'id': 'preview_text', 'label': 'Preview Text <span class=help-text>This will be used as the preview text that displays in some email clients</span>', 'name': 'preview_text', 'order': 0, 'smart_type': None, 'styles': {}, 'type': 'text'}",Unclassified,2026-03-10,0,0,0,https://49073304.hs-sites.com/-temporary-slug-da657efc-d029-4326-9e54-0c176b8de212,0.0,0.0,0.0
209041295986,2026 Membership_MES March #2c,"What Inconel, Nitinol, and nickel coatings have in common","{'body': {'value': ""And the real-world case studies, from Tesla's battery line to tunnel boring machines, that prove it.""}, 'child_css': {}, 'css': {}, 'id': 'preview_text', 'label': 'Preview Text <span class=help-text>This will be used as the preview text that displays in some email clients</span>', 'name': 'preview_text', 'order': 0, 'smart_type': None, 'styles': {}, 'type': 'text'}",Unclassified,2026-03-10,0,0,0,https://49073304.hs-sites.com/-temporary-slug-03f11a34-d6ef-47b1-9973-041038533293,0.0,0.0,0.0
209041352834,2026 Membership_MES March #2a - Manual,"Inconel, Nitinol, and a NASA engineer — still want in?","{'body': {'value': ""And the real-world case studies, from Tesla's battery line to tunnel boring machines, that prove it.""}, 'child_css': {}, 'css': {}, 'id': 'preview_text', 'label': 'Preview Text <span class=help-text>This will be used as the preview text that displays in some email clients</span>', 'name': 'preview_text', 'order': 0, 'smart_type': None, 'styles': {}, 'type': 'text'}",Unclassified,2026-03-10,113,93,59,https://49073304.hs-sites.com/-temporary-slug-08ef47ef-c58f-4d61-8125-22aee065ada6,0.5221238938053098,0.8230088495575221,0.6344086021505376
209041483161,2026 Membership_MES March #2c - Manual,"What Inconel, Nitinol, and nickel coatings have in common","{'body': {'value': ""And the real-world case studies, from Tesla's battery line to tunnel boring machines, that prove it.""}, 'child_css': {}, 'css': {}, 'id': 'preview_text', 'label': 'Preview Text <span class=help-text>This will be used as the preview text that displays in some email clients</span>', 'name': 'preview_text', 'order': 0, 'styles': {}, 'type': 'text'}",Unclassified,2026-03-10,330,12,1,https://49073304.hs-sites.com/-temporary-slug-f74a1ed9-0740-4855-b68b-d3f8b9eece89,0.0030303030303030303,0.03636363636363636,0.08333333333333333
209048876658,New email,NOW: Launch Your Manufacturing Career 🏭,"{'body': {'value': 'Join NOW our SME Career Cafe for tips on how to launch a career in manufacturing\xa0'}, 'child_css': {}, 'css': {}, 'id': 'preview_text', 'label': 'Preview Text <span class=help-text>This will be used as the preview text that displays in some email clients</span>', 'name': 'preview_text', 'order': 0, 'styles': {}, 'type': 'text'}",Unclassified,2026-03-10,0,0,0,https://49073304.hs-sites.com/-temporary-slug-ce7bfafd-d081-42f4-9230-b1e6e8549cb2,0.0,0.0,0.0
209041300564,2026 Membership_MES March #2b - Manual,What 60 minutes with a NASA materials engineer could change for you,"{'body': {'value': ""And the real-world case studies, from Tesla's battery line to tunnel boring machines, that prove it.""}, 'child_css': {}, 'css': {}, 'id': 'preview_text', 'label': 'Preview Text <span class=help-text>This will be used as the preview text that displays in some email clients</span>', 'name': 'preview_text', 'order': 0, 'smart_type': None, 'styles': {}, 'type': 'text'}",Unclassified,2026-03-10,4094,3957,13,https://49073304.hs-sites.com/-temporary-slug-79ea1669-06fa-4fad-8053-a694966e1d8a,0.0031753786028334147,0.9665363947239863,0.0032853171594642407
209048902993,2026 Membership_MES March #2a,"Inconel, Nitinol, and a NASA engineer — still want in?","{'body': {'value': ""And the real-world case studies, from Tesla's battery line to tunnel boring machines, that prove it.""}, 'child_css': {}, 'css': {}, 'id': 'preview_text', 'label': 'Preview Text <span class=help-text>This will be used as the preview text that displays in some email clients</span>', 'name': 'preview_text', 'order': 0, 'smart_type': None, 'styles': {}, 'type': 'text'}",Unclassified,2026-03-10,0,0,0,https://49073304.hs-sites.com/-temporary-slug-8c9d359f-2dac-4237-a946-63f043773692,0.0,0.0,0.0
209031764229,(B) MW 3/10/26,"March 10, 2026 - Defense Production to ""Quadruple,"" Automation to double","{'body': {'value': 'Your MW Newsletter Is Here'}, 'child_css': {}, 'css': {}, 'id': 'preview_text', 'label': 'Preview Text <span class=help-text>This will be used as the preview text that displays in some email clients</span>', 'name': 'preview_text', 'order': 0, 'smart_type': None, 'styles': {}, 'type': 'text'}",Newsletter,2026-03-10,23761,2953,258,https://www.facebook.com/SMEMediaNews,0.010858128866630193,0.12427928117503471,0.08736877751439215
209049033907,2026 Membership_Career Cafe March,NOW: Launch Your Manufacturing Career 🏭,"{'body': {'value': 'Join NOW our SME Career Cafe for tips on how to launch a career in manufacturing\xa0'}, 'child_css': {}, 'css': {}, 'id': 'preview_text', 'label': 'Preview Text <span class=help-text>This will be used as the preview text that displays in some email clients</span>', 'name': 'preview_text', 'order': 0, 'smart_type': None, 'styles': {}, 'type': 'text'}",Unclassified,2026-03-10,5107,775,44,https://49073304.hs-sites.com/-temporary-slug-5bd40a2e-6e1b-48fa-8d04-0097f4c82e48,0.008615625611905228,0.15175249657333073,0.0567741935483871
209049209188,2026 Membership_Pathways to Success March,In 30 Mins: Discover the World of Mechatronics,"{'body': {'value': 'Learn how smart machines work and the career paths behind advanced manufacturing systems.\n\xa0'}, 'child_css': {}, 'css': {}, 'id': 'preview_text', 'label': 'Preview Text <span class=help-text>This will be used as the preview text that displays in some email clients</span>', 'name': 'preview_text', 'order': 0, 'smart_type': None, 'styles': {}, 'type': 'text'}",Unclassified,2026-03-10,1336,416,23,https://49073304.hs-sites.com/-temporary-slug-26ee963a-9445-467b-b2ab-96d0ebd82ef3,0.01721556886227545,0.31137724550898205,0.055288461538461536
209058207609,MMTS 2026 - EX 08 - CAN (FR),Où rencontrerez-vous les décideurs de la fabrication du Québec ?,"{'body': {'value': '5 000 professionnels de la fabrication. Un seul toit. Deux journées ciblées.'}, 'child_css': {}, 'css': {}, 'id': 'preview_text', 'label': 'Preview Text <span class=help-text>This will be used as the preview text that displays in some email clients</span>', 'name': 'preview_text', 'order': 0, 'smart_type': None, 'styles': {}, 'type': 'text'}",Unclassified,2026-03-11,288,128,8,https://www.facebook.com/MMTSevent,0.027777777777777776,0.4444444444444444,0.0625
208983036575,RP26 Ind Media,⚡ Why AM media is paying attention to RAPID + TCT…,"{'body': {'value': 'Five media giants weigh in!'}, 'child_css': {}, 'css': {}, 'id': 'preview_text', 'label': 'Preview Text <span class=help-text>This will be used as the preview text that displays in some email clients</span>', 'name': 'preview_text', 'order': 0, 'smart_type': None, 'styles': {}, 'type': 'text'}",Unclassified,2026-03-12,85627,6442,292,https://49073304.hs-sites.com/-temporary-slug-6b9c0836-bcaf-4c30-a32f-09643d1f7279,0.003410139325212842,0.07523327922267509,0.04532753803166718
209049141140,2026 Membership_MES March #2c - Manual v2,"What Inconel, Nitinol, and nickel coatings have in common","{'body': {'value': ""And the real-world case studies, from Tesla's battery line to tunnel boring machines, that prove it.""}, 'child_css': {}, 'css': {}, 'id': 'preview_text', 'label': 'Preview Text <span class=help-text>This will be used as the preview text that displays in some email clients</span>', 'name': 'preview_text', 'order': 0, 'smart_type': None, 'styles': {}, 'type': 'text'}",Unclassified,2026-03-10,36724,2097,98,https://49073304.hs-sites.com/-temporary-slug-863b511a-2dc3-4392-90b7-55e5bc5c8121,0.002668554623679338,0.05710162291689359,0.04673342870767763
209119565952,MMTS 2026 - EX 09 - CAN (EN),Québec’s largest manufacturing technology show,"{'body': {'value': '5,000 manufacturing professionals. Two focused days.'}, 'child_css': {}, 'css': {}, 'id': 'preview_text', 'label': 'Preview Text <span class=help-text>This will be used as the preview text that displays in some email clients</span>', 'name': 'preview_text', 'order': 0, 'smart_type': None, 'styles': {}, 'type': 'text'}",Unclassified,2026-03-18,5134,1125,62,https://www.facebook.com/MMTSevent,0.012076353720296066,0.21912738605375925,0.05511111111111111
209123703091,RP26 Conf Upgrade,"{{ personalization_token('contact.firstname', 'Friend') }}, curious about the 96% conference satisfaction rate?","{'body': {'value': 'Satisfaction guaranteed or your money back.'}, 'child_css': {}, 'css': {}, 'id': 'preview_text', 'label': 'Preview Text <span class=help-text>This will be used as the preview text that displays in some email clients</span>', 'name': 'preview_text', 'order': 0, 'smart_type': None, 'styles': {}, 'type': 'text'}",Unclassified,2026-03-11,0,0,0,,0.0,0.0,0.0
209058411321,Rapid Ambassador Program,Apply to Be a RAPID + TCT Emerging Professional Ambassador,"{'body': {'value': ''}, 'child_css': {}, 'css': {}, 'id': 'preview_text', 'label': 'Preview Text <span class=help-text>This will be used as the preview text that displays in some email clients</span>', 'name': 'preview_text', 'order': 0, 'smart_type': None, 'styles': {}, 'type': 'text'}",Unclassified,2026-03-11,38372,4379,220,https://49073304.hs-sites.com/-temporary-slug-19821631-b00c-43b7-859b-209a7de751b3,0.005733347232356927,0.11411967059314083,0.05023978077186572
209049207907,2026 Membership_SME Engage March 13,Register Now: SME Engagement Events,"{'body': {'value': ""See what's upcoming with SME membership engagement events""}, 'child_css': {}, 'css': {}, 'id': 'preview_text', 'label': 'Preview Text <span class=help-text>This will be used as the preview text that displays in some email clients</span>', 'name': 'preview_text', 'order': 0, 'smart_type': None, 'styles': {}, 'type': 'text'}",Unclassified,2026-03-12,3583,1759,121,https://49073304.hs-sites.com/register-now-sme-engagement-events-3,0.033770583310075354,0.49092938878035164,0.06878908470722
209176464900,New email,,"{'body': {'value': ''}, 'child_css': {}, 'css': {}, 'id': 'preview_text', 'label': 'Preview Text <span class=help-text>This will be used as the preview text that displays in some email clients</span>', 'name': 'preview_text', 'order': 0, 'smart_type': None, 'styles': {}, 'type': 'text'}",Unclassified,2026-03-12,0,0,0,,0.0,0.0,0.0
209170194232,RP26 Ind Media Attendee,⚡ Why AM media is paying attention to RAPID + TCT…,"{'body': {'value': 'Five media giants weigh in!'}, 'child_css': {}, 'css': {}, 'id': 'preview_text', 'label': 'Preview Text <span class=help-text>This will be used as the preview text that displays in some email clients</span>', 'name': 'preview_text', 'order': 0, 'smart_type': None, 'styles': {}, 'type': 'text'}",Unclassified,2026-03-12,1830,503,38,https://49073304.hs-sites.com/-temporary-slug-68223918-186c-481a-8997-91625f98fe2d,0.020765027322404372,0.2748633879781421,0.07554671968190854
209182925654,Seed list test email 1,Seed list test Subject,"{'body': {'value': 'Preview test'}, 'child_css': {}, 'css': {}, 'id': 'preview_text', 'label': 'Preview Text <span class=help-text>This will be used as the preview text that displays in some email clients</span>', 'name': 'preview_text', 'order': 0, 'smart_type': None, 'styles': {}, 'type': 'text'}",Unclassified,2026-03-12,7,19,0,https://49073304.hs-sites.com/-temporary-slug-2bcf5b3a-083b-4fe3-abfb-128c86613859,0.0,2.7142857142857144,0.0
209194731156,RP26 Ind Media TCT,⚡ Why AM media is paying attention to RAPID + TCT…,"{'body': {'value': 'Five media giants weigh in!'}, 'child_css': {}, 'css': {}, 'id': 'preview_text', 'label': 'Preview Text <span class=help-text>This will be used as the preview text that displays in some email clients</span>', 'name': 'preview_text', 'order': 0, 'smart_type': None, 'styles': {}, 'type': 'text'}",Unclassified,2026-03-12,0,0,0,,0.0,0.0,0.0
209190714746,(A) MW 3/17/26,Your MW Newsletter Is Here,"{'body': {'value': 'March 17, 2026 - Medical Supplier Hacked, Lean Mfg. in the Restroom'}, 'child_css': {}, 'css': {}, 'id': 'preview_text', 'label': 'Preview Text <span class=help-text>This will be used as the preview text that displays in some email clients</span>', 'name': 'preview_text', 'order': 0, 'smart_type': None, 'styles': {}, 'type': 'text'}",Newsletter,2026-03-17,12276,3453,173,https://www.facebook.com/SMEMediaNews,0.014092538286086673,0.2812805474095797,0.050101361135244715
209199167558,RP26 Drip #1 Hands On AUTOMATE,🔍 95% Say Hands-On Demos Determine Product Fit ,"{'body': {'value': 'Experience additive manufacturing — 450+ solutions providers!'}, 'child_css': {}, 'css': {}, 'id': 'preview_text', 'label': 'Preview Text <span class=help-text>This will be used as the preview text that displays in some email clients</span>', 'name': 'preview_text', 'order': 0, 'smart_type': None, 'styles': {}, 'type': 'text'}",Unclassified,2026-03-12,1814,140,23,https://49073304.hs-sites.com/-temporary-slug-91be6eba-d558-4003-805f-0030846d5be1,0.012679162072767364,0.07717750826901874,0.16428571428571428
209123703670,SME Awards Gala ,One Night. One Stage. Join Us at the 2026 AM Awards Gala,"{'body': {'value': ''}, 'child_css': {}, 'css': {}, 'id': 'preview_text', 'label': 'Preview Text <span class=help-text>This will be used as the preview text that displays in some email clients</span>', 'name': 'preview_text', 'order': 0, 'smart_type': None, 'styles': {}, 'type': 'text'}",Unclassified,2026-03-12,11756,1228,113,https://49073304.hs-sites.com/-temporary-slug-2c7cec70-d9f8-4cab-80d0-2072bef4bdd6,0.009612112963593059,0.1044572984008166,0.09201954397394137
209123554108,Student Manufacturing Design Competition,2026 ASME|SME Student Manufacturing Design Competition,"{'body': {'value': ''}, 'child_css': {}, 'css': {}, 'id': 'preview_text', 'label': 'Preview Text <span class=help-text>This will be used as the preview text that displays in some email clients</span>', 'name': 'preview_text', 'order': 0, 'smart_type': None, 'styles': {}, 'type': 'text'}",Unclassified,2026-03-11,12540,3872,424,https://49073304.hs-sites.com/-temporary-slug-6f6fbed8-4537-4d5b-8875-609cc24acfa2,0.03381180223285486,0.3087719298245614,0.10950413223140495
209199597230,RP26 Drip #2 Top 5 AUTOMATE,💡 Top 5 reasons to attend!,"{'body': {'value': '🎟️ Your ticket to additive excellence.'}, 'child_css': {}, 'css': {}, 'id': 'preview_text', 'label': 'Preview Text <span class=help-text>This will be used as the preview text that displays in some email clients</span>', 'name': 'preview_text', 'order': 0, 'smart_type': None, 'styles': {}, 'type': 'text'}",Unclassified,2026-03-12,1802,128,21,https://49073304.hs-sites.com/-temporary-slug-475cefbb-d408-4cd0-96bc-15e252e20919,0.011653718091009988,0.07103218645948946,0.1640625
209199597365,RP26 Drip #3 Testimonial AUTOMATE,Real Experiences. Real Testimonials.,"{'body': {'value': 'Claim your free Expo Pass'}, 'child_css': {}, 'css': {}, 'id': 'preview_text', 'label': 'Preview Text <span class=help-text>This will be used as the preview text that displays in some email clients</span>', 'name': 'preview_text', 'order': 0, 'smart_type': None, 'styles': {}, 'type': 'text'}",Unclassified,2026-03-12,1774,149,23,https://49073304.hs-sites.com/-temporary-slug-31ca404e-7cff-489d-b374-0ea48b1c0384,0.012965050732807215,0.08399098083427282,0.15436241610738255
209199654979,MMTS 2026 - AT 01 - CAN (FR),Êtes-vous inscrit au STFM 2026?,"{'body': {'value': 'Découvrez ce qui vous attend au plus grand événement consacré aux technologies de fabrication du Québec.\xa0'}, 'child_css': {}, 'css': {}, 'id': 'preview_text', 'label': 'Preview Text <span class=help-text>This will be used as the preview text that displays in some email clients</span>', 'name': 'preview_text', 'order': 0, 'smart_type': None, 'styles': {}, 'type': 'text'}",Unclassified,2026-03-13,4578,2878,406,https://www.facebook.com/MMTSevent,0.08868501529051988,0.6286588029707296,0.14107018763029883
209242017707,SME AM Awards Gala VIP Invite #2,Join Us for the SME AM Awards Gala 🎊 - RSVP Today,"{'body': {'value': 'RSVP Today\xa0'}, 'child_css': {}, 'css': {}, 'id': 'preview_text', 'label': 'Preview Text <span class=help-text>This will be used as the preview text that displays in some email clients</span>', 'name': 'preview_text', 'order': 0, 'smart_type': None, 'styles': {}, 'type': 'text'}",Unclassified,2026-03-13,116,631,5,https://49073304.hs-sites.com/join-us-for-the-sme-am-awards-gala-rsvp-today,0.04310344827586207,5.439655172413793,0.00792393026941363
209248791338,Composites Exchange - Know Before You Go,Know Before You Go: Future Composites Exchange 2026,"{'body': {'value': ''}, 'child_css': {}, 'css': {}, 'id': 'preview_text', 'label': 'Preview Text <span class=help-text>This will be used as the preview text that displays in some email clients</span>', 'name': 'preview_text', 'order': 0, 'smart_type': None, 'styles': {}, 'type': 'text'}",Unclassified,2026-03-18,0,0,0,,0.0,0.0,0.0
209236249431,(B) MW 3/13/26,"March 13, 2026 - BMW Pushes Additive, Nvidia Trains Physical AI","{'body': {'value': 'Your MW Newsletter Is Here'}, 'child_css': {}, 'css': {}, 'id': 'preview_text', 'label': 'Preview Text <span class=help-text>This will be used as the preview text that displays in some email clients</span>', 'name': 'preview_text', 'order': 0, 'smart_type': None, 'styles': {}, 'type': 'text'}",Newsletter,2026-03-13,4783,2871,155,https://www.facebook.com/SMEMediaNews,0.03240643947313401,0.6002508885636629,0.0539881574364333
209260533338,(A) 2026 Membership_SME Engage March 20,Register Now: SME Engagement Events,"{'body': {'value': ""See what's upcoming with SME membership engagement events""}, 'child_css': {}, 'css': {}, 'id': 'preview_text', 'label': 'Preview Text <span class=help-text>This will be used as the preview text that displays in some email clients</span>', 'name': 'preview_text', 'order': 0, 'smart_type': None, 'styles': {}, 'type': 'text'}",Unclassified,2026-03-19,7697,1367,107,https://49073304.hs-sites.com/register-now-sme-engagement-events-4,0.01390152007275562,0.1776016629855788,0.07827359180687637
209194821986,Composites Exchange Email 5,Explore the Full Program for Future Composites Exchange 2026,"{'body': {'value': 'Register Today!\xa0'}, 'child_css': {}, 'css': {}, 'id': 'preview_text', 'label': 'Preview Text <span class=help-text>This will be used as the preview text that displays in some email clients</span>', 'name': 'preview_text', 'order': 0, 'smart_type': None, 'styles': {}, 'type': 'text'}",Unclassified,2026-03-12,28459,2793,164,https://49073304.hs-sites.com/-temporary-slug-d5ed5d9c-074e-4f49-9a37-71237a6787ed,0.005762676130573808,0.09814118556519906,0.058718224131757965
209398308220,2026 Membership_MES March #3a - Manual,"In 2 Days: What Inconel, Nitinol, and nickel alloys actually look like in production","{'body': {'value': ""And the real-world case studies, from Tesla's battery line to tunnel boring machines, that prove it.""}, 'child_css': {}, 'css': {}, 'id': 'preview_text', 'label': 'Preview Text <span class=help-text>This will be used as the preview text that displays in some email clients</span>', 'name': 'preview_text', 'order': 0, 'smart_type': None, 'styles': {}, 'type': 'text'}",Unclassified,2026-03-16,177,156,90,https://49073304.hs-sites.com/-temporary-slug-a06cc866-9486-43fd-80c3-07342f71bb56,0.5084745762711864,0.8813559322033898,0.5769230769230769
209199497382,Composites Exchange Email 6 Last Chance,Last Chance to Register for Future Composites Exchange 2026,"{'body': {'value': 'Register Today!\xa0'}, 'child_css': {}, 'css': {}, 'id': 'preview_text', 'label': 'Preview Text <span class=help-text>This will be used as the preview text that displays in some email clients</span>', 'name': 'preview_text', 'order': 0, 'smart_type': None, 'styles': {}, 'type': 'text'}",Unclassified,2026-03-13,32741,3263,175,https://49073304.hs-sites.com/-temporary-slug-2b6607ae-962e-4f63-bc7f-7eaaff8a1e01,0.005344980299929752,0.0996609755352616,0.05363162733680662
209443932599,2026 Membership_March Madness 3,Pizza Party on the Line: 14 Days Left to Win ,"{'body': {'value': 'Is your chapter earning points?'}, 'child_css': {}, 'css': {}, 'id': 'preview_text', 'label': 'Preview Text <span class=help-text>This will be used as the preview text that displays in some email clients</span>', 'name': 'preview_text', 'order': 0, 'smart_type': None, 'styles': {}, 'type': 'text'}",Unclassified,2026-03-17,2006,487,10,https://49073304.hs-sites.com/membership-madness-is-live,0.004985044865403789,0.24277168494516452,0.02053388090349076
209398337319,2026 Membership_MES March #3b - Manual,What Tesla's battery line and tunnel boring have in common,"{'body': {'value': 'Last chance to register for the March 18 webinar'}, 'child_css': {}, 'css': {}, 'id': 'preview_text', 'label': 'Preview Text <span class=help-text>This will be used as the preview text that displays in some email clients</span>', 'name': 'preview_text', 'order': 0, 'smart_type': None, 'styles': {}, 'type': 'text'}",Unclassified,2026-03-16,4098,3896,8,https://49073304.hs-sites.com/-temporary-slug-ec65ada5-effd-4abf-9cf9-58cf4ff6803b,0.0019521717911176184,0.9507076622742802,0.002053388090349076
209381715968,MW 3/20/26,Your MW Newsletter Is Here,"{'body': {'value': 'March 20, 2026 - Mfg Workers Happy, Cybersecurity Concerns Automotive'}, 'child_css': {}, 'css': {}, 'id': 'preview_text', 'label': 'Preview Text <span class=help-text>This will be used as the preview text that displays in some email clients</span>', 'name': 'preview_text', 'order': 0, 'smart_type': None, 'styles': {}, 'type': 'text'}",Newsletter,2026-03-20,14665,4441,258,https://www.facebook.com/SMEMediaNews,0.01759290828503239,0.30282986703034437,0.05809502364332358
209448922534,(B) MW 3/17/26,"March 17, 2026 - Medical Supplier Hacked, Lean Mfg. in the Restroom","{'body': {'value': 'Your MW Newsletter Is Here'}, 'child_css': {}, 'css': {}, 'id': 'preview_text', 'label': 'Preview Text <span class=help-text>This will be used as the preview text that displays in some email clients</span>', 'name': 'preview_text', 'order': 0, 'smart_type': None, 'styles': {}, 'type': 'text'}",Newsletter,2026-03-17,6129,2583,233,https://www.facebook.com/SMEMediaNews,0.03801598955783978,0.42143906020558003,0.09020518776616337
209454900826,2026 Membership_FUSION Chapter Leaders,Promo Code Inside: $50 Off for SME Members ,"{'body': {'value': 'Join us in Nashville in May! Early bird pricing ends Friday.'}, 'child_css': {}, 'css': {}, 'id': 'preview_text', 'label': 'Preview Text <span class=help-text>This will be used as the preview text that displays in some email clients</span>', 'name': 'preview_text', 'order': 0, 'smart_type': None, 'styles': {}, 'type': 'text'}",Unclassified,2026-03-17,241,145,9,https://49073304.hs-sites.com/pizza-party-on-the-line-14-days-left-to-win,0.03734439834024896,0.6016597510373444,0.06206896551724138
209476226435,2026 Membership_Pathways March Post-Event,"Your Replay of ""Pathways to Success in Mechatronics"" is Now Available","{'body': {'value': 'Watch the replay now'}, 'child_css': {}, 'css': {}, 'id': 'preview_text', 'label': 'Preview Text <span class=help-text>This will be used as the preview text that displays in some email clients</span>', 'name': 'preview_text', 'order': 0, 'smart_type': None, 'styles': {}, 'type': 'text'}",Unclassified,2026-03-17,20,32,0,https://49073304.hs-sites.com/-temporary-slug-c71e2149-309b-4098-acd3-fb5544d7d717,0.0,1.6,0.0
209389628280,2026 Membership_MES March #3c - Manual,"In 2 Days: What Inconel, Nitinol, and nickel coatings have in common","{'body': {'value': ""And the real-world case studies, from Tesla's battery line to tunnel boring machines, that prove it.""}, 'child_css': {}, 'css': {}, 'id': 'preview_text', 'label': 'Preview Text <span class=help-text>This will be used as the preview text that displays in some email clients</span>', 'name': 'preview_text', 'order': 0, 'smart_type': None, 'styles': {}, 'type': 'text'}",Unclassified,2026-03-16,47039,2132,74,https://49073304.hs-sites.com/-temporary-slug-2c45e390-0a6e-4d54-8442-2d39ccd24984,0.0015731626947851783,0.04532409277408108,0.03470919324577861
209455061325,2026 Membership_MES March #4,"In 30 Mins: Inconel, Nitinol & Nickel-Based Alloys — and How Industry Experts Are Using Them","{'body': {'value': ""And the real-world case studies, from Tesla's battery line to tunnel boring machines, that prove it.""}, 'child_css': {}, 'css': {}, 'id': 'preview_text', 'label': 'Preview Text <span class=help-text>This will be used as the preview text that displays in some email clients</span>', 'name': 'preview_text', 'order': 0, 'smart_type': None, 'styles': {}, 'type': 'text'}",Unclassified,2026-03-18,5678,1174,57,https://49073304.hs-sites.com/-temporary-slug-5a1c0873-ed96-4955-b1aa-08ee3a8f2660,0.010038746037337091,0.20676294469883763,0.048551959114139696
209537731371,MMTS 2026 - EX 09 - CAN (FR),Le plus grand salon des technologies de fabrication au Québec,"{'body': {'value': '5 000 professionnels de la fabrication. Deux journées intensives.'}, 'child_css': {}, 'css': {}, 'id': 'preview_text', 'label': 'Preview Text <span class=help-text>This will be used as the preview text that displays in some email clients</span>', 'name': 'preview_text', 'order': 0, 'smart_type': None, 'styles': {}, 'type': 'text'}",Unclassified,2026-03-18,287,179,25,https://www.facebook.com/MMTSevent,0.08710801393728224,0.6236933797909407,0.13966480446927373
209462657445,ISFA Event 26,Call for Papers: ISFA 2026 in Okayama,"{'body': {'value': ''}, 'child_css': {}, 'css': {}, 'id': 'preview_text', 'label': 'Preview Text <span class=help-text>This will be used as the preview text that displays in some email clients</span>', 'name': 'preview_text', 'order': 0, 'smart_type': None, 'styles': {}, 'type': 'text'}",Unclassified,2026-03-17,13298,2170,75,https://49073304.hs-sites.com/-temporary-slug-5533beaf-4284-4511-8cd3-de0161a60702,0.005639945856519777,0.1631824334486389,0.03456221198156682
209537656964,MMTS 2026 - AT 03 - CAN (EN),"{{ personalization_token('contact.firstname', ' ') }} Meet 200+ Manufacturing Suppliers","{'body': {'value': 'See the companies bringing technology to MMTS.'}, 'child_css': {}, 'css': {}, 'id': 'preview_text', 'label': 'Preview Text <span class=help-text>This will be used as the preview text that displays in some email clients</span>', 'name': 'preview_text', 'order': 0, 'smart_type': None, 'styles': {}, 'type': 'text'}",Unclassified,2026-03-20,7086,1915,98,https://www.facebook.com/MMTSevent,0.013830087496471917,0.2702511995484053,0.05117493472584857
209523707461,MW 3/24/26,Your MW Newsletter Is Here,"{'body': {'value': 'March 24, 2026 - China Unlikely to Invade Taiwan, Bezos Shops Manufacturers'}, 'child_css': {}, 'css': {}, 'id': 'preview_text', 'label': 'Preview Text <span class=help-text>This will be used as the preview text that displays in some email clients</span>', 'name': 'preview_text', 'order': 0, 'smart_type': None, 'styles': {}, 'type': 'text'}",Newsletter,2026-03-24,19357,2898,296,https://www.facebook.com/SMEMediaNews,0.015291625768455856,0.14971328201684145,0.10213940648723258
209551228716,Seed list test email 2,"This is the second CAN seed list test {{ personalization_token('contact.firstname', ' ') }}","{'body': {'value': 'Preview test'}, 'child_css': {}, 'css': {}, 'id': 'preview_text', 'label': 'Preview Text <span class=help-text>This will be used as the preview text that displays in some email clients</span>', 'name': 'preview_text', 'order': 0, 'smart_type': None, 'styles': {}, 'type': 'text'}",Unclassified,2026-03-18,8,10,0,https://49073304.hs-sites.com/-temporary-slug-a97b9988-6b11-46ee-a467-308897797bc9,0.0,1.25,0.0
209542196800,MMTS 2026 - AT 02 - CAN (EN),"{{ personalization_token('contact.firstname', ' ') }}Explore What’s Coming to MMTS 2026","{'body': {'value': 'Download the official MMTS launch brochure.'}, 'child_css': {}, 'css': {}, 'id': 'preview_text', 'label': 'Preview Text <span class=help-text>This will be used as the preview text that displays in some email clients</span>', 'name': 'preview_text', 'order': 0, 'smart_type': None, 'styles': {}, 'type': 'text'}",Unclassified,2026-03-18,6707,2117,146,https://www.facebook.com/MMTSevent,0.021768301774265694,0.31564037572685255,0.06896551724137931
209551149648,Design-2-Part Apr 14 Custom Email,Announcing the Schaumburg Show in May,"{'body': {'value': 'Connect face-to-face with hundreds of top-tier American manufacturers offering custom parts, stock parts, and manufacturing services'}, 'child_css': {}, 'css': {}, 'id': 'preview_text', 'label': 'Preview Text <span class=help-text>This will be used as the preview text that displays in some email clients</span>', 'name': 'preview_text', 'order': 0, 'smart_type': None, 'styles': {}, 'type': 'text'}",Advertising,2026-03-18,12632,2338,76,https://49073304.hs-sites.com/-temporary-slug-7cc6dd0f-efd7-4618-8831-ea7dbe353710,0.006016466117796073,0.185085497150095,0.032506415739948676
209551468876,MMTS 2026 - AT 02 - CAN (FR),"{{ personalization_token('contact.firstname', ' ') }}Découvrez ce que le STFM 2026 vous réserve","{'body': {'value': 'Téléchargez la Brochure officielle de lancement du STFM.'}, 'child_css': {}, 'css': {}, 'id': 'preview_text', 'label': 'Preview Text <span class=help-text>This will be used as the preview text that displays in some email clients</span>', 'name': 'preview_text', 'order': 0, 'smart_type': None, 'styles': {}, 'type': 'text'}",Unclassified,2026-03-18,4531,1840,225,https://www.facebook.com/MMTSevent,0.04965791216067093,0.40609137055837563,0.12228260869565218
209590238082,ZEISS Apr 1 Custom Email,"You’re invited to the grand opening of the ZEISS Quality Excellence Center in Huntersville, NC","{'body': {'value': 'Tour the new ZEISS Quality Excellence Center\u202fand see\u202fcutting-edge\u202fmetrology and inspection technologies.'}, 'child_css': {}, 'css': {}, 'id': 'preview_text', 'label': 'Preview Text <span class=help-text>This will be used as the preview text that displays in some email clients</span>', 'name': 'preview_text', 'order': 0, 'smart_type': None, 'styles': {}, 'type': 'text'}",Advertising,2026-04-02,22795,1890,79,https://49073304.hs-sites.com/announcing-the-schaumburg-show-in-may,0.003465672296556262,0.08291291949989033,0.0417989417989418
209597168168,30 Under 30,Nominate an innovator for SME’s 30 Under 30!,"{'body': {'value': 'Spotlight young leaders in manufacturing by nominating them today.'}, 'child_css': {}, 'css': {}, 'id': 'preview_text', 'label': 'Preview Text <span class=help-text>This will be used as the preview text that displays in some email clients</span>', 'name': 'preview_text', 'order': 0, 'smart_type': None, 'styles': {}, 'type': 'text'}",Unclassified,2026-03-19,3980,742,12,https://49073304.hs-sites.com/-temporary-slug-b16cb51f-94a6-4dd1-9031-d51754406852,0.003015075376884422,0.18643216080402011,0.016172506738544475
209597216073,2026 Membership_MMTS Member Day #1,Secure Your Spot: SME Member Day at MMTS 2026,"{'body': {'value': 'Free for SME members: curated keynotes, complimentary lunch, and limited spots. Register today.'}, 'child_css': {}, 'css': {}, 'id': 'preview_text', 'label': 'Preview Text <span class=help-text>This will be used as the preview text that displays in some email clients</span>', 'name': 'preview_text', 'order': 0, 'smart_type': None, 'styles': {}, 'type': 'text'}",Unclassified,2026-04-29,1991,494,61,https://49073304.hs-sites.com/-temporary-slug-7503a2e8-0898-4aba-8709-dff3e6310465,0.03063787041687594,0.24811652435961828,0.12348178137651822
209597222782,Blue Sky Email 5,Submit Today. Don’t Miss Your Chance.,"{'body': {'value': ''}, 'child_css': {}, 'css': {}, 'id': 'preview_text', 'label': 'Preview Text <span class=help-text>This will be used as the preview text that displays in some email clients</span>', 'name': 'preview_text', 'order': 0, 'smart_type': None, 'styles': {}, 'type': 'text'}",Unclassified,2026-03-19,0,0,0,,0.0,0.0,0.0
209605057453,RP26 Healthcare TCT,3D Printing & Healthcare Converge: Knowledge Bars. Case Studies. Regulatory Experts.,"{'body': {'value': 'Next month in Boston! Are you registered?'}, 'child_css': {}, 'css': {}, 'id': 'preview_text', 'label': 'Preview Text <span class=help-text>This will be used as the preview text that displays in some email clients</span>', 'name': 'preview_text', 'order': 0, 'smart_type': None, 'styles': {}, 'type': 'text'}",Unclassified,2026-03-20,0,0,0,,0.0,0.0,0.0
209537883908,RP26 Healthcare,3D Printing & Healthcare Converge: Knowledge Bars. Case Studies. Regulatory Experts.,"{'body': {'value': 'Next month in Boston! Are you registered?'}, 'child_css': {}, 'css': {}, 'id': 'preview_text', 'label': 'Preview Text <span class=help-text>This will be used as the preview text that displays in some email clients</span>', 'name': 'preview_text', 'order': 0, 'smart_type': None, 'styles': {}, 'type': 'text'}",Unclassified,2026-03-19,54122,4510,165,https://49073304.hs-sites.com/-temporary-slug-1284e150-2e9b-4d0c-aa91-be243b7ea4b7,0.0030486678245445474,0.0833302538708843,0.036585365853658534
209593896613,Rapid Ambassador Program (Clone),Apply to Be a RAPID + TCT Ambassador and Get Featured at the Event,"{'body': {'value': ''}, 'child_css': {}, 'css': {}, 'id': 'preview_text', 'label': 'Preview Text <span class=help-text>This will be used as the preview text that displays in some email clients</span>', 'name': 'preview_text', 'order': 0, 'smart_type': None, 'styles': {}, 'type': 'text'}",Unclassified,2026-03-19,32936,3387,131,https://49073304.hs-sites.com/-temporary-slug-184e83b0-0a13-4a15-8d4b-adf22bab536e,0.0039774107359727955,0.10283580276900656,0.03867729554177739
209614033684,(B) 2026 Membership_SME Engage March 20,Register Now: SME Engagement Events,"{'body': {'value': ""See what's upcoming with SME membership engagement events""}, 'child_css': {}, 'css': {}, 'id': 'preview_text', 'label': 'Preview Text <span class=help-text>This will be used as the preview text that displays in some email clients</span>', 'name': 'preview_text', 'order': 0, 'smart_type': None, 'styles': {}, 'type': 'text'}",Unclassified,2026-03-20,3883,1119,76,https://49073304.hs-sites.com/register-now-sme-engagement-events-b,0.01957249549317538,0.2881792428534638,0.0679177837354781
209650856307,Craig Test,,"{'body': {'value': ''}, 'child_css': {}, 'css': {}, 'id': 'preview_text', 'label': 'Preview Text <span class=help-text>This will be used as the preview text that displays in some email clients</span>', 'name': 'preview_text', 'order': 0, 'smart_type': None, 'styles': {}, 'type': 'text'}",Unclassified,2026-03-20,0,0,0,https://www.facebook.com/SMEMediaNews,0.0,0.0,0.0
209594031943,Rapid Ambassador Program Last Chance,Last Chance: RAPID + TCT Ambassador Applications Close March 25,"{'body': {'value': ''}, 'child_css': {}, 'css': {}, 'id': 'preview_text', 'label': 'Preview Text <span class=help-text>This will be used as the preview text that displays in some email clients</span>', 'name': 'preview_text', 'order': 0, 'smart_type': None, 'styles': {}, 'type': 'text'}",Unclassified,2026-03-19,30218,3146,107,https://49073304.hs-sites.com/-temporary-slug-4fe1afa9-4ba5-407c-9fd8-fbedfaf449c1,0.0035409358660401084,0.10411013303329142,0.03401144310235219
209614109539,(B) 2026 Membership_RAPID Member Day #1,Something new is coming to RAPID + TCT just for SME members,"{'body': {'value': 'Introducing SME Member Day: a FREE curated experience just for members.'}, 'child_css': {}, 'css': {}, 'id': 'preview_text', 'label': 'Preview Text <span class=help-text>This will be used as the preview text that displays in some email clients</span>', 'name': 'preview_text', 'order': 0, 'smart_type': None, 'styles': {}, 'type': 'text'}",Unclassified,2026-03-19,262,75,13,https://49073304.hs-sites.com/-temporary-slug-01eb7e89-b8cd-4619-817a-f01723c0e0a7,0.04961832061068702,0.2862595419847328,0.17333333333333334
209614089398,(A) 2026 Membership_RAPID Member Day #1,Something new is coming to RAPID + TCT just for SME members,"{'body': {'value': 'Introducing SME Member Day: a FREE curated experience just for members.'}, 'child_css': {}, 'css': {}, 'id': 'preview_text', 'label': 'Preview Text <span class=help-text>This will be used as the preview text that displays in some email clients</span>', 'name': 'preview_text', 'order': 0, 'smart_type': None, 'styles': {}, 'type': 'text'}",Unclassified,2026-03-19,1055,693,35,https://49073304.hs-sites.com/-temporary-slug-99f50a29-b5d6-4648-ac9e-7f2ff71a6ef2,0.03317535545023697,0.656872037914692,0.050505050505050504
209805192570,2026 Membership_RAPID Member Day #2,Free spot expiring March 31: SME Member Day at RAPID + TCT,"{'body': {'value': 'Introducing SME Member Day: a FREE curated experience just for members at RAPID + TCT'}, 'child_css': {}, 'css': {}, 'id': 'preview_text', 'label': 'Preview Text <span class=help-text>This will be used as the preview text that displays in some email clients</span>', 'name': 'preview_text', 'order': 0, 'smart_type': None, 'styles': {}, 'type': 'text'}",Unclassified,2026-03-23,866,576,53,https://49073304.hs-sites.com/-temporary-slug-e10ce01a-7246-459c-a2ce-592be5456605,0.061200923787528866,0.6651270207852193,0.0920138888888889
209662822803,MMTS 2026 - AT 03 - CAN (FR),"{{ personalization_token('contact.firstname', ' ') }} Rencontrez plus de 200 fournisseurs en fabrication","{'body': {'value': 'Découvrez les entreprises qui présentent leurs technologies au STFM.'}, 'child_css': {}, 'css': {}, 'id': 'preview_text', 'label': 'Preview Text <span class=help-text>This will be used as the preview text that displays in some email clients</span>', 'name': 'preview_text', 'order': 0, 'smart_type': None, 'styles': {}, 'type': 'text'}",Unclassified,2026-03-20,4604,1762,115,https://www.facebook.com/MMTSevent,0.024978279756733276,0.38271068635968725,0.06526674233825198
209671202071,Design-2-Part Apr 21 Custom Email,Announcing the Schaumburg Show in May,"{'body': {'value': 'Discover new and emerging manufacturing technologies within the industry.'}, 'child_css': {}, 'css': {}, 'id': 'preview_text', 'label': 'Preview Text <span class=help-text>This will be used as the preview text that displays in some email clients</span>', 'name': 'preview_text', 'order': 0, 'smart_type': None, 'styles': {}, 'type': 'text'}",Advertising,2026-03-20,11850,2099,102,https://49073304.hs-sites.com/-temporary-slug-0f9f1bd4-946d-4d29-ab81-1e2174207cbd,0.008607594936708861,0.1771308016877637,0.04859456884230586
209809850922,RSS Feed Test MW With Images,Your MW Newsletter Is Here,"{'body': {'value': 'March 24, 2026 - China Unlikely to Invade Taiwan, Bezos Shops Manufacturers'}, 'child_css': {}, 'css': {}, 'id': 'preview_text', 'label': 'Preview Text <span class=help-text>This will be used as the preview text that displays in some email clients</span>', 'name': 'preview_text', 'order': 0, 'smart_type': None, 'styles': {}, 'type': 'text'}",Unclassified,2026-04-24,0,0,0,https://www.facebook.com/SMEMediaNews,0.0,0.0,0.0
209805436785,2026 Membership_March Madness 4,"It's giving winning energy, but only if you renew","{'body': {'value': 'Will you earn a pizza party?'}, 'child_css': {}, 'css': {}, 'id': 'preview_text', 'label': 'Preview Text <span class=help-text>This will be used as the preview text that displays in some email clients</span>', 'name': 'preview_text', 'order': 0, 'smart_type': None, 'styles': {}, 'type': 'text'}",Unclassified,2026-03-23,2001,570,12,https://49073304.hs-sites.com/pizza-party-on-the-line-8-days-left-to-win,0.005997001499250375,0.2848575712143928,0.021052631578947368
209814997382,Mfg. Ed Summit,You’re Invited: 2026 Manufacturing Education Summit,"{'body': {'value': ''}, 'child_css': {}, 'css': {}, 'id': 'preview_text', 'label': 'Preview Text <span class=help-text>This will be used as the preview text that displays in some email clients</span>', 'name': 'preview_text', 'order': 0, 'smart_type': None, 'styles': {}, 'type': 'text'}",Unclassified,2026-03-25,0,0,0,,0.0,0.0,0.0
209805422961,MMTS 2026 - AT 04 - CAN (EN),"5 Pavilions. 2 Days. One Manufacturing Hub. Will you be there {{ personalization_token('contact.firstname', ' ') }}?","{'body': {'value': 'Explore the technologies shaping Québec’s manufacturing future.'}, 'child_css': {}, 'css': {}, 'id': 'preview_text', 'label': 'Preview Text <span class=help-text>This will be used as the preview text that displays in some email clients</span>', 'name': 'preview_text', 'order': 0, 'smart_type': None, 'styles': {}, 'type': 'text'}",Unclassified,2026-03-26,6240,1471,46,https://www.facebook.com/MMTSevent,0.007371794871794872,0.23573717948717948,0.03127124405166554
209871562089,Fusion Listening Session,"Voices from the Field: Shaping the Future of Manufacturing Education, luncheon listening session. ","{'body': {'value': ''}, 'child_css': {}, 'css': {}, 'id': 'preview_text', 'label': 'Preview Text <span class=help-text>This will be used as the preview text that displays in some email clients</span>', 'name': 'preview_text', 'order': 0, 'smart_type': None, 'styles': {}, 'type': 'text'}",Unclassified,2026-03-27,0,0,0,,0.0,0.0,0.0
209861600348,Renishaw Mar 31 Custom Email,See you at RAPID + TCT!,"{'body': {'value': 'Join Renishaw at RAPID + TCT and see a sneak peek of their booth'}, 'child_css': {}, 'css': {}, 'id': 'preview_text', 'label': 'Preview Text <span class=help-text>This will be used as the preview text that displays in some email clients</span>', 'name': 'preview_text', 'order': 0, 'smart_type': None, 'styles': {}, 'type': 'text'}",Advertising,2026-03-31,4808,508,14,https://49073304.hs-sites.com/youre-invited-to-the-grand-opening-of-the-zeiss-quality-excellence-center-in-huntersville-nc,0.0029118136439267887,0.10565723793677205,0.027559055118110236
209861543957,Roboflow Apr 14 eNotifier,How USG Uses AI to Redefine the Factory Floor,"{'body': {'value': 'In the high-stakes world of gypsum manufacturing, even a few degrees of misalignment on a fast-moving production line can lead to hours of unplanned downtime.\xa0'}, 'child_css': {}, 'css': {}, 'id': 'preview_text', 'label': 'Preview Text <span class=help-text>This will be used as the preview text that displays in some email clients</span>', 'name': 'preview_text', 'order': 0, 'smart_type': None, 'styles': {}, 'type': 'text'}",Unclassified,2026-04-06,9076,1255,45,https://49073304.hs-sites.com/-temporary-slug-9a93627c-12fd-4c38-ad42-70c2397c991e,0.00495813133539004,0.13827677390921111,0.035856573705179286
209880164424,Parts for RSS MW,Your MW Newsletter Is Here,"{'body': {'value': 'March 24, 2026 - China Unlikely to Invade Taiwan, Bezos Shops Manufacturers'}, 'child_css': {}, 'css': {}, 'id': 'preview_text', 'label': 'Preview Text <span class=help-text>This will be used as the preview text that displays in some email clients</span>', 'name': 'preview_text', 'order': 0, 'smart_type': None, 'styles': {}, 'type': 'text'}",Unclassified,2026-05-22,0,0,0,https://www.facebook.com/SMEMediaNews,0.0,0.0,0.0
209879894082,RAPID Career Forum,Jumpstart Your AM Career at RAPID + TCT,"{'body': {'value': 'Register Today!\xa0'}, 'child_css': {}, 'css': {}, 'id': 'preview_text', 'label': 'Preview Text <span class=help-text>This will be used as the preview text that displays in some email clients</span>', 'name': 'preview_text', 'order': 0, 'smart_type': None, 'styles': {}, 'type': 'text'}",Unclassified,2026-03-25,12829,2091,66,https://49073304.hs-sites.com/-temporary-slug-279232db-5ad3-4c8a-a093-d512a4a6ab88,0.005144594278587575,0.16299010055343363,0.03156384505021521
209880164264,Cadonix On-Demand Promo,"{{ personalization_token('contact.firstname', 'Hi') }}, you don't want to miss this on-demand webinar","{'body': {'value': 'See how digital execution eliminates formboard errors, cuts training time, and scales production without adding headcount.'}, 'child_css': {}, 'css': {}, 'id': 'preview_text', 'label': 'Preview Text <span class=help-text>This will be used as the preview text that displays in some email clients</span>', 'name': 'preview_text', 'order': 0, 'smart_type': None, 'styles': {}, 'type': 'text'}",Unclassified,2026-04-02,19762,2294,103,https://49073304.hs-sites.com/-temporary-slug-7d98b881-687d-4eda-bfd8-11fcd9859256,0.005212023074587593,0.11608136828256249,0.044899738448125545
209930233632,Marposs Apr 8 eNotifier,What’s protecting your machine right now?,"{'body': {'value': 'You might be at risk if its not GEMCMS.'}, 'child_css': {}, 'css': {}, 'id': 'preview_text', 'label': 'Preview Text <span class=help-text>This will be used as the preview text that displays in some email clients</span>', 'name': 'preview_text', 'order': 0, 'smart_type': None, 'styles': {}, 'type': 'text'}",Unclassified,2026-04-02,12364,1629,76,https://49073304.hs-sites.com/see-you-at-rapid-tct,0.0061468780329990294,0.13175347783888708,0.04665438919582566
209789108993,MW 3/27/26,Your MW Newsletter Is Here,"{'body': {'value': 'March 27, 2026 - GE Invests in Europe, Battery Maker Turns To Defense'}, 'child_css': {}, 'css': {}, 'id': 'preview_text', 'label': 'Preview Text <span class=help-text>This will be used as the preview text that displays in some email clients</span>', 'name': 'preview_text', 'order': 0, 'smart_type': None, 'styles': {}, 'type': 'text'}",Newsletter,2026-03-27,19494,5781,249,https://www.facebook.com/SMEMediaNews,0.012773160972606955,0.29655278547245306,0.043072132848988066
209937103477,MMTS 2026 - AT 04 - CAN (FR),"5 pavillons, 2 jours, 1 salon de la fabrication. Serez-vous là {{ personalization_token('contact.firstname', ' ') }}?","{'body': {'value': 'Découvrez les technologies qui façonnent l’avenir de la fabrication au Québec.'}, 'child_css': {}, 'css': {}, 'id': 'preview_text', 'label': 'Preview Text <span class=help-text>This will be used as the preview text that displays in some email clients</span>', 'name': 'preview_text', 'order': 0, 'smart_type': None, 'styles': {}, 'type': 'text'}",Unclassified,2026-03-26,4355,1915,156,https://www.facebook.com/MMTSevent,0.03582089552238806,0.4397244546498278,0.0814621409921671
209941556911,Panels at RAPID,Don’t Miss These Must-See Panels at RAPID + TCT,"{'body': {'value': 'Register Today!\xa0'}, 'child_css': {}, 'css': {}, 'id': 'preview_text', 'label': 'Preview Text <span class=help-text>This will be used as the preview text that displays in some email clients</span>', 'name': 'preview_text', 'order': 0, 'smart_type': None, 'styles': {}, 'type': 'text'}",Unclassified,2026-04-06,0,0,0,,0.0,0.0,0.0
209941302373,MMTS 2026 - AT 05 - CAN (EN),"See Manufacturing Technology in Action at MMTS 2026 {{ personalization_token('contact.firstname', ' ') }}","{'body': {'value': 'Real machines. Real solutions. Real applications.'}, 'child_css': {}, 'css': {}, 'id': 'preview_text', 'label': 'Preview Text <span class=help-text>This will be used as the preview text that displays in some email clients</span>', 'name': 'preview_text', 'order': 0, 'smart_type': None, 'styles': {}, 'type': 'text'}",Unclassified,2026-03-26,6130,1564,32,https://www.facebook.com/MMTSevent,0.0052202283849918435,0.25513866231647636,0.020460358056265986
209945134111,New email,,"{'body': {'value': ''}, 'child_css': {}, 'css': {}, 'id': 'preview_text', 'label': 'Preview Text <span class=help-text>This will be used as the preview text that displays in some email clients</span>', 'name': 'preview_text', 'order': 0, 'smart_type': None, 'styles': {}, 'type': 'text'}",Unclassified,2026-03-25,0,0,0,,0.0,0.0,0.0
209941557029,MMTS 2026 - EX 10 - CAN (EN),MMTS 2026 is over 90% sold out,"{'body': {'value': 'Final opportunities to exhibit in front of Québec’s manufacturing decision-makers.'}, 'child_css': {}, 'css': {}, 'id': 'preview_text', 'label': 'Preview Text <span class=help-text>This will be used as the preview text that displays in some email clients</span>', 'name': 'preview_text', 'order': 0, 'smart_type': None, 'styles': {}, 'type': 'text'}",Unclassified,2026-03-26,4624,891,49,https://www.facebook.com/MMTSevent,0.010596885813148788,0.19269031141868512,0.05499438832772166
209985611116,2026 Membership_RAPID Member Day #3b,Your membership includes a FREE spot at RAPID + TCT,"{'body': {'value': 'Register by March 31 to secure your spot'}, 'child_css': {}, 'css': {}, 'id': 'preview_text', 'label': 'Preview Text <span class=help-text>This will be used as the preview text that displays in some email clients</span>', 'name': 'preview_text', 'order': 0, 'smart_type': None, 'styles': {}, 'type': 'text'}",Unclassified,2026-03-26,356,406,29,https://49073304.hs-sites.com/-temporary-slug-05f6fea7-401b-4d2f-93b0-19b70d4dfea3,0.08146067415730338,1.1404494382022472,0.07142857142857142
209988675477,2026 Membership_RAPID Member Day #3c,Free spot expiring March 31: SME Member Day at RAPID + TCT,"{'body': {'value': 'Introducing SME Member Day: a FREE curated experience just for members at RAPID + TCT'}, 'child_css': {}, 'css': {}, 'id': 'preview_text', 'label': 'Preview Text <span class=help-text>This will be used as the preview text that displays in some email clients</span>', 'name': 'preview_text', 'order': 0, 'smart_type': None, 'styles': {}, 'type': 'text'}",Unclassified,2026-03-26,1373,115,19,https://49073304.hs-sites.com/-temporary-slug-8bb5b900-0391-4a1c-a59b-da232d43d03d,0.013838310269482883,0.08375819373634377,0.16521739130434782
209937473969,AM Pitchfest,Live at RAPID + TCT: AM Pitchfest Competition ,"{'body': {'value': ''}, 'child_css': {}, 'css': {}, 'id': 'preview_text', 'label': 'Preview Text <span class=help-text>This will be used as the preview text that displays in some email clients</span>', 'name': 'preview_text', 'order': 0, 'smart_type': None, 'styles': {}, 'type': 'text'}",Unclassified,2026-03-26,11627,2395,65,https://49073304.hs-sites.com/-temporary-slug-c2d6be18-f7fd-4e4a-a213-65d4a334f4eb,0.005590436054012213,0.20598606691321922,0.027139874739039668
209991667475,2026 Membership_RAPID Member Day #3a,Your Free Spot Expires March 31: SME Member Day at RAPID + TCT,"{'body': {'value': 'Introducing SME Member Day: a FREE curated experience just for members at RAPID + TCT'}, 'child_css': {}, 'css': {}, 'id': 'preview_text', 'label': 'Preview Text <span class=help-text>This will be used as the preview text that displays in some email clients</span>', 'name': 'preview_text', 'order': 0, 'smart_type': None, 'styles': {}, 'type': 'text'}",Unclassified,2026-03-26,2,2,0,https://49073304.hs-sites.com/-temporary-slug-f422c2eb-7584-4168-b5d5-cc50ace16ae1,0.0,1.0,0.0
209999194753,MMTS 2026 - EX 10 - CAN (FR),Plus de 90 % des places sont réservées au STFM 2026.,"{'body': {'value': 'C’est votre dernière chance de rencontrer les décideurs de la fabrication au Québec.'}, 'child_css': {}, 'css': {}, 'id': 'preview_text', 'label': 'Preview Text <span class=help-text>This will be used as the preview text that displays in some email clients</span>', 'name': 'preview_text', 'order': 0, 'smart_type': None, 'styles': {}, 'type': 'text'}",Unclassified,2026-03-26,284,79,3,https://www.facebook.com/MMTSevent,0.01056338028169014,0.27816901408450706,0.0379746835443038
209999237731,MMTS 2026 - AT 05 - CAN (FR),"Voyez les technologies de fabrication en action au STFM 2026 {{ personalization_token('contact.firstname', ' ') }}!","{'body': {'value': 'De vraies machines. De vraies solutions. De vraies applications.'}, 'child_css': {}, 'css': {}, 'id': 'preview_text', 'label': 'Preview Text <span class=help-text>This will be used as the preview text that displays in some email clients</span>', 'name': 'preview_text', 'order': 0, 'smart_type': None, 'styles': {}, 'type': 'text'}",Unclassified,2026-03-26,4301,1837,105,https://www.facebook.com/MMTSevent,0.02441292722622646,0.42710997442455245,0.05715841045182363
209999431683,RAPID Career Forum (Clone),Jumpstart Your AM Career at RAPID + TCT,"{'body': {'value': 'Register Today!\xa0'}, 'child_css': {}, 'css': {}, 'id': 'preview_text', 'label': 'Preview Text <span class=help-text>This will be used as the preview text that displays in some email clients</span>', 'name': 'preview_text', 'order': 0, 'smart_type': None, 'styles': {}, 'type': 'text'}",Unclassified,2026-03-26,0,0,0,,0.0,0.0,0.0
210008341006,Panels Knowledge Bar,Real-World AM Insights: Join Knowledge Bars at RAPID + TCT,"{'body': {'value': ''}, 'child_css': {}, 'css': {}, 'id': 'preview_text', 'label': 'Preview Text <span class=help-text>This will be used as the preview text that displays in some email clients</span>', 'name': 'preview_text', 'order': 0, 'smart_type': None, 'styles': {}, 'type': 'text'}",Unclassified,2026-04-06,0,0,0,,0.0,0.0,0.0
209930531408,2026 Membership_Spotlight Series March #1,In 30 Mins: What Reactive Manufacturing Is Really Costing You,"{'body': {'value': ""Today's free session at 2 p.m. ET breaks down the true cost of reactive manufacturing""}, 'child_css': {}, 'css': {}, 'id': 'preview_text', 'label': 'Preview Text <span class=help-text>This will be used as the preview text that displays in some email clients</span>', 'name': 'preview_text', 'order': 0, 'smart_type': None, 'styles': {}, 'type': 'text'}",Unclassified,2026-03-25,51431,6536,307,https://49073304.hs-sites.com/-temporary-slug-efba0201-c1d9-4443-8682-96b8a5fca768,0.005969162567323209,0.1270828877525228,0.04697062423500612
210061332331,Know before you go,Thank You for Being a VIP at RAPID + TCT,"{'body': {'value': ''}, 'child_css': {}, 'css': {}, 'id': 'preview_text', 'label': 'Preview Text <span class=help-text>This will be used as the preview text that displays in some email clients</span>', 'name': 'preview_text', 'order': 0, 'smart_type': None, 'styles': {}, 'type': 'text'}",Unclassified,2026-04-07,98,214,1,https://49073304.hs-sites.com/-temporary-slug-483cc853-0b85-4afc-940d-4850b3670887,0.01020408163265306,2.183673469387755,0.004672897196261682
209999292483,MW 3/31/26,Your MW Newsletter Is Here,"{'body': {'value': 'March 31, 2026 - Trades Demand Grows, SME Turns 94'}, 'child_css': {}, 'css': {}, 'id': 'preview_text', 'label': 'Preview Text <span class=help-text>This will be used as the preview text that displays in some email clients</span>', 'name': 'preview_text', 'order': 0, 'smart_type': None, 'styles': {}, 'type': 'text'}",Newsletter,2026-03-31,24217,5553,466,https://www.facebook.com/SMEMediaNews,0.01924268076144857,0.22930173018953628,0.0839186025571763
210103278697,2026 Membership_MES March Post-Event Email,"Your Replay of ""Engineering Materials in Manufacturing"" is Now Available","{'body': {'value': 'Watch the replay now'}, 'child_css': {}, 'css': {}, 'id': 'preview_text', 'label': 'Preview Text <span class=help-text>This will be used as the preview text that displays in some email clients</span>', 'name': 'preview_text', 'order': 0, 'smart_type': None, 'styles': {}, 'type': 'text'}",Unclassified,2026-03-29,65,91,20,https://49073304.hs-sites.com/-temporary-slug-5f4b0c9e-225b-4c4e-9330-15cc264189d5,0.3076923076923077,1.4,0.21978021978021978
210103284267,2026 Membership_Spotlight Series March Post-Event Email,"Your Replay of ""Breaking the Cycle of Reactive Manufacturing"" is Now Available","{'body': {'value': 'Watch the replay now'}, 'child_css': {}, 'css': {}, 'id': 'preview_text', 'label': 'Preview Text <span class=help-text>This will be used as the preview text that displays in some email clients</span>', 'name': 'preview_text', 'order': 0, 'smart_type': None, 'styles': {}, 'type': 'text'}",Unclassified,2026-03-29,36,31,4,https://49073304.hs-sites.com/-temporary-slug-0a1e97e1-3018-46e5-b9cb-a835b2c292fd,0.1111111111111111,0.8611111111111112,0.12903225806451613
210075762089,Blue Sky Email 5 (Clone),Last Chance to Submit Your Idea: Deadline April 1,"{'body': {'value': ''}, 'child_css': {}, 'css': {}, 'id': 'preview_text', 'label': 'Preview Text <span class=help-text>This will be used as the preview text that displays in some email clients</span>', 'name': 'preview_text', 'order': 0, 'smart_type': None, 'styles': {}, 'type': 'text'}",Unclassified,2026-03-27,14452,3067,192,https://49073304.hs-sites.com/-temporary-slug-9d8ed9e3-fa13-4049-b458-b4df6de87196,0.013285358427899253,0.2122197619706615,0.0626018910987936
210158177464,2026 Membership_March Madness 5,Another Chapter Is About to Beat You ,"{'body': {'value': '48 Hours Left to Earn a Pizza Party + Other Prizes!'}, 'child_css': {}, 'css': {}, 'id': 'preview_text', 'label': 'Preview Text <span class=help-text>This will be used as the preview text that displays in some email clients</span>', 'name': 'preview_text', 'order': 0, 'smart_type': None, 'styles': {}, 'type': 'text'}",Unclassified,2026-03-29,2049,572,11,https://49073304.hs-sites.com/its-giving-winning-energy-but-only-if-you-renew,0.005368472425573451,0.27916056612981943,0.019230769230769232
210158177683,2026 Membership_RAPID Member Day #4a,You Left Your Free Spot Behind (Expires March 31) ,"{'body': {'value': 'Introducing SME Member Day: a FREE curated experience just for members at RAPID + TCT'}, 'child_css': {}, 'css': {}, 'id': 'preview_text', 'label': 'Preview Text <span class=help-text>This will be used as the preview text that displays in some email clients</span>', 'name': 'preview_text', 'order': 0, 'smart_type': None, 'styles': {}, 'type': 'text'}",Unclassified,2026-03-29,2,3,0,https://49073304.hs-sites.com/-temporary-slug-43d56186-3822-4518-a823-18a8133cf629,0.0,1.5,0.0
209988705637,2026 Membership_SME Engage March 27,Register Now: SME Engagement Events,"{'body': {'value': ""See what's upcoming with SME membership engagement events""}, 'child_css': {}, 'css': {}, 'id': 'preview_text', 'label': 'Preview Text <span class=help-text>This will be used as the preview text that displays in some email clients</span>', 'name': 'preview_text', 'order': 0, 'smart_type': None, 'styles': {}, 'type': 'text'}",Unclassified,2026-03-26,7781,2020,202,https://49073304.hs-sites.com/register-now-sme-engagement-events-1774568130622,0.025960673435291095,0.25960673435291093,0.1
210053536274,New email,"Win an Arc Impact Studio System: $100,000 Value","{'body': {'value': ""{{ personalization_token('contact.firstname', '!') }}, Kickstart Your Additive Journey""}, 'child_css': {}, 'css': {}, 'id': 'preview_text', 'label': 'Preview Text <span class=help-text>This will be used as the preview text that displays in some email clients</span>', 'name': 'preview_text', 'order': 0, 'smart_type': None, 'styles': {}, 'type': 'text'}",Unclassified,2026-03-27,51118,6296,398,https://49073304.hs-sites.com/-temporary-slug-40f301d6-f1cf-40e6-8ac9-e57c706a7a05,0.007785907116866857,0.12316600805978324,0.06321473951715374
210158179734,2026 Membership_RAPID Member Day #4b,You Left Your Free Spot Behind (Expires March 31),"{'body': {'value': 'Introducting Member Day at RAPID + TCT on April 14'}, 'child_css': {}, 'css': {}, 'id': 'preview_text', 'label': 'Preview Text <span class=help-text>This will be used as the preview text that displays in some email clients</span>', 'name': 'preview_text', 'order': 0, 'smart_type': None, 'styles': {}, 'type': 'text'}",Unclassified,2026-03-29,417,709,19,https://49073304.hs-sites.com/-temporary-slug-b9fec9c1-d19f-4602-b601-6f98e7bb2928,0.045563549160671464,1.7002398081534773,0.02679830747531735
210158190243,2026 Membership_RAPID Member Day #4c,Did You See This? Your Free Spot Expires March 31 ,"{'body': {'value': 'Introducing SME Member Day: a FREE curated experience just for members at RAPID + TCT'}, 'child_css': {}, 'css': {}, 'id': 'preview_text', 'label': 'Preview Text <span class=help-text>This will be used as the preview text that displays in some email clients</span>', 'name': 'preview_text', 'order': 0, 'smart_type': None, 'styles': {}, 'type': 'text'}",Unclassified,2026-03-29,1302,113,26,https://49073304.hs-sites.com/-temporary-slug-582f5479-f469-491c-93a8-a4b7dd613b90,0.019969278033794162,0.08678955453149001,0.23008849557522124
210269105327,2026 Membership_Chapter Tuesday March #1,In 30 Mins: Free Strategic Planning Session Made for SME Chapter Officers ,"{'body': {'value': ""Your chapter's strategic plan starts here. Join us today at 5 p.m. ET""}, 'child_css': {}, 'css': {}, 'id': 'preview_text', 'label': 'Preview Text <span class=help-text>This will be used as the preview text that displays in some email clients</span>', 'name': 'preview_text', 'order': 0, 'smart_type': None, 'styles': {}, 'type': 'text'}",Unclassified,2026-03-31,404,173,11,https://49073304.hs-sites.com/-temporary-slug-7f7b8e06-4167-4be9-8de7-d6b79d880159,0.027227722772277228,0.4282178217821782,0.06358381502890173
210263197590,RP26 Conf Referral,"Refer Conference Registrants, Earn Travel Rewards!","{'body': {'value': '$500 Flight Voucher for Two Referrals'}, 'child_css': {}, 'css': {}, 'id': 'preview_text', 'label': 'Preview Text <span class=help-text>This will be used as the preview text that displays in some email clients</span>', 'name': 'preview_text', 'order': 0, 'smart_type': None, 'styles': {}, 'type': 'text'}",Unclassified,2026-03-31,211,93,5,https://49073304.hs-sites.com/-temporary-slug-a7e9e6b5-0fba-49f4-8de4-807b2f656f75,0.023696682464454975,0.44075829383886256,0.053763440860215055
210276011092,2026 Membership_March Madness 6,⏰ Last Chance: A Few Actions Could Win Your Chapter a Prize ,"{'body': {'value': 'Less than 13 Hours Left to Earn a Pizza Party + Other Prizes!'}, 'child_css': {}, 'css': {}, 'id': 'preview_text', 'label': 'Preview Text <span class=help-text>This will be used as the preview text that displays in some email clients</span>', 'name': 'preview_text', 'order': 0, 'smart_type': None, 'styles': {}, 'type': 'text'}",Unclassified,2026-03-31,2046,381,5,https://49073304.hs-sites.com/another-chapter-is-about-to-beat-you,0.0024437927663734115,0.18621700879765396,0.013123359580052493
210276079401,2026 Membership_RAPID Member Day #5a,Registration Closes at Midnight: Member Day at RAPID + TCT,"{'body': {'value': 'Introducing SME Member Day: a FREE curated experience just for members at RAPID + TCT'}, 'child_css': {}, 'css': {}, 'id': 'preview_text', 'label': 'Preview Text <span class=help-text>This will be used as the preview text that displays in some email clients</span>', 'name': 'preview_text', 'order': 0, 'smart_type': None, 'styles': {}, 'type': 'text'}",Unclassified,2026-03-31,2,1,0,https://49073304.hs-sites.com/-temporary-slug-58f815bd-024c-42ac-a016-de516461a2fa,0.0,0.5,0.0
210276073775,2026 Membership_RAPID Member Day #5b,Registration Closes at Midnight: FREE Member Day at RAPID + TCT ,"{'body': {'value': 'Introducting Member Day at RAPID + TCT on April 14'}, 'child_css': {}, 'css': {}, 'id': 'preview_text', 'label': 'Preview Text <span class=help-text>This will be used as the preview text that displays in some email clients</span>', 'name': 'preview_text', 'order': 0, 'smart_type': None, 'styles': {}, 'type': 'text'}",Unclassified,2026-03-31,474,352,28,https://49073304.hs-sites.com/-temporary-slug-f6e568aa-9785-4773-84ea-543312ec0370,0.05907172995780591,0.7426160337552743,0.07954545454545454
210280717936,RP26 Conf Media Drip2 (Clone),⚡ Why AM media is paying attention to RAPID + TCT…,"{'body': {'value': 'Five media giants weigh in!'}, 'child_css': {}, 'css': {}, 'id': 'preview_text', 'label': 'Preview Text <span class=help-text>This will be used as the preview text that displays in some email clients</span>', 'name': 'preview_text', 'order': 0, 'smart_type': None, 'styles': {}, 'type': 'text'}",Unclassified,2026-04-01,545,30,4,https://49073304.hs-sites.com/-temporary-slug-07a13adb-c192-4af2-979b-503b13f5527c,0.007339449541284404,0.05504587155963303,0.13333333333333333
210276082316,2026 Membership_RAPID Member Day #5c,Registration Closes at Midnight: FREE SME Member Day at RAPID + TCT,"{'body': {'value': 'Introducing SME Member Day: a FREE curated experience just for members at RAPID + TCT'}, 'child_css': {}, 'css': {}, 'id': 'preview_text', 'label': 'Preview Text <span class=help-text>This will be used as the preview text that displays in some email clients</span>', 'name': 'preview_text', 'order': 0, 'smart_type': None, 'styles': {}, 'type': 'text'}",Unclassified,2026-03-31,1231,60,8,https://49073304.hs-sites.com/-temporary-slug-e9e0a84c-2b52-48f0-8630-14db90a3e50f,0.006498781478472786,0.048740861088545896,0.13333333333333333
210280717964,RP26 Conf Promo Drip1 (Clone),96% of conference delegates reported what!?,"{'body': {'value': 'Real impact. Satisfaction guaranteed.'}, 'child_css': {}, 'css': {}, 'id': 'preview_text', 'label': 'Preview Text <span class=help-text>This will be used as the preview text that displays in some email clients</span>', 'name': 'preview_text', 'order': 0, 'smart_type': None, 'styles': {}, 'type': 'text'}",Unclassified,2026-03-31,549,24,3,https://49073304.hs-sites.com/-temporary-slug-c9036ea2-7c1a-4d86-8ad2-f55cbea3b206,0.00546448087431694,0.04371584699453552,0.125
210323016052,SME Awards Gala Confirmation,We Look Forward to Welcoming You | AM Awards Gala Confirmation,"{'body': {'value': ''}, 'child_css': {}, 'css': {}, 'id': 'preview_text', 'label': 'Preview Text <span class=help-text>This will be used as the preview text that displays in some email clients</span>', 'name': 'preview_text', 'order': 0, 'smart_type': None, 'styles': {}, 'type': 'text'}",Unclassified,2026-04-07,92,150,0,https://49073304.hs-sites.com/-temporary-slug-1e329fde-3587-45d2-83c8-2ddf1088580d,0.0,1.6304347826086956,0.0
210327908006,June/July MET Brand Promotion,No Joke: Your Brand Can Power Manufacturing,"{'body': {'value': 'Power up your brand in manufacturing with SME.'}, 'child_css': {}, 'css': {}, 'id': 'preview_text', 'label': 'Preview Text <span class=help-text>This will be used as the preview text that displays in some email clients</span>', 'name': 'preview_text', 'order': 0, 'smart_type': None, 'styles': {}, 'type': 'text'}",Unclassified,2026-04-01,7124,760,25,https://49073304.hs-sites.com/-temporary-slug-74bebbdf-8cab-4c2b-b60d-6ac3a01297fa,0.0035092644581695676,0.10668163952835485,0.03289473684210526
210397581091,MMTS 2026 - AT 06 - CAN (EN),"{{ personalization_token('contact.firstname', ' ') }} These technologies are all in one place","{'body': {'value': 'Five focused zones. Built for real evaluation.'}, 'child_css': {}, 'css': {}, 'id': 'preview_text', 'label': 'Preview Text <span class=help-text>This will be used as the preview text that displays in some email clients</span>', 'name': 'preview_text', 'order': 0, 'smart_type': None, 'styles': {}, 'type': 'text'}",Unclassified,2026-04-06,5118,1243,27,https://www.facebook.com/MMTSevent,0.005275498241500586,0.24286830793278624,0.02172164119066774
210403640179,June/July NAICS: Made in America,See your brand in our Made in America June/July Issue,"{'body': {'value': 'Explore U.S. manufacturing trends and exclusive sponsorships.'}, 'child_css': {}, 'css': {}, 'id': 'preview_text', 'label': 'Preview Text <span class=help-text>This will be used as the preview text that displays in some email clients</span>', 'name': 'preview_text', 'order': 0, 'smart_type': None, 'styles': {}, 'type': 'text'}",Unclassified,2026-04-09,6502,881,9,https://49073304.hs-sites.com/-temporary-slug-d836969c-0664-44e9-bd19-895cadbabc05,0.0013841894801599507,0.1354967702245463,0.01021566401816118
210403899913,MMTS 2026 - AT 06 - CAN (FR),"{{ personalization_token('contact.firstname', ' ') }} Découvrez ces technologies au même endroit","{'body': {'value': 'Cinq zones concentrées, pour vous permettre d’évaluer et comparer.'}, 'child_css': {}, 'css': {}, 'id': 'preview_text', 'label': 'Preview Text <span class=help-text>This will be used as the preview text that displays in some email clients</span>', 'name': 'preview_text', 'order': 0, 'smart_type': None, 'styles': {}, 'type': 'text'}",Unclassified,2026-04-06,3727,1229,67,https://www.facebook.com/MMTSevent,0.017976925140863964,0.3297558357928629,0.05451586655817738
210407626500,RP26 HP Sponsor,Mark Your Calendar: You Won't Want to Miss This,"{'body': {'value': 'The future is coming into focus.'}, 'child_css': {}, 'css': {}, 'id': 'preview_text', 'label': 'Preview Text <span class=help-text>This will be used as the preview text that displays in some email clients</span>', 'name': 'preview_text', 'order': 0, 'smart_type': None, 'styles': {}, 'type': 'text'}",Unclassified,2026-04-02,2744,1269,142,https://49073304.hs-sites.com/-temporary-slug-1d687ae1-ed03-47b5-94f3-d5bd1a87351f,0.05174927113702624,0.46246355685131196,0.11189913317572892
210344733815,2026 Membership_SME Engage April 3,Register Now: SME Engagement Events,"{'body': {'value': ""See what's upcoming with SME membership engagement events""}, 'child_css': {}, 'css': {}, 'id': 'preview_text', 'label': 'Preview Text <span class=help-text>This will be used as the preview text that displays in some email clients</span>', 'name': 'preview_text', 'order': 0, 'smart_type': None, 'styles': {}, 'type': 'text'}",Unclassified,2026-04-02,3388,2207,139,https://49073304.hs-sites.com/register-now-sme-engagement-events-1775143795017,0.0410271546635183,0.6514167650531287,0.06298142274580878
210407735119,RAPID Passport Newsletter,Explore the floor at RAPID + TCT & win a 3D printer!,"{'body': {'value': ''}, 'child_css': {}, 'css': {}, 'id': 'preview_text', 'label': 'Preview Text <span class=help-text>This will be used as the preview text that displays in some email clients</span>', 'name': 'preview_text', 'order': 0, 'smart_type': None, 'styles': {}, 'type': 'text'}",Unclassified,2026-04-09,3358,1013,170,https://www.facebook.com/SMEMediaNews,0.05062537224538416,0.3016676593210244,0.16781836130306022
210195806867,MW 4/3/26,Your MW Newsletter Is Here,"{'body': {'value': 'April 3, 2026 - Manufacturing Expands, Boeing & DoD Ramp Production'}, 'child_css': {}, 'css': {}, 'id': 'preview_text', 'label': 'Preview Text <span class=help-text>This will be used as the preview text that displays in some email clients</span>', 'name': 'preview_text', 'order': 0, 'smart_type': None, 'styles': {}, 'type': 'text'}",Newsletter,2026-04-02,20607,5272,339,https://www.facebook.com/SMEMediaNews,0.016450720628912504,0.2558353957393119,0.0643019726858877
210461858190,RP26 App Download,Download the event mobile app!,"{'body': {'value': 'Schedule. Floorplan. Networking.'}, 'child_css': {}, 'css': {}, 'id': 'preview_text', 'label': 'Preview Text <span class=help-text>This will be used as the preview text that displays in some email clients</span>', 'name': 'preview_text', 'order': 0, 'smart_type': None, 'styles': {}, 'type': 'text'}",Unclassified,2026-04-11,0,0,0,,0.0,0.0,0.0
210215053694,RP26 AeroDef,🛦 AeroDef Showcase: Where Innovation Takes Flight,"{'body': {'value': 'Consult APEX Accelerator & MassMEP Experts'}, 'child_css': {}, 'css': {}, 'id': 'preview_text', 'label': 'Preview Text <span class=help-text>This will be used as the preview text that displays in some email clients</span>', 'name': 'preview_text', 'order': 0, 'smart_type': None, 'styles': {}, 'type': 'text'}",Unclassified,2026-04-01,99984,8580,382,https://49073304.hs-sites.com/-temporary-slug-c50086d7-51be-4914-a3ff-3e9f9c0f1348,0.0038206112978076494,0.08581373019683149,0.04452214452214452
210627899459,SMEEF SME PRIME Launch Event_Ludlow_Send 2_04072026,You're Invited: Celebrate the SME PRIME Launch at Ludlow High,"{'body': {'value': 'Come celebrate this exciting new chapter with students, educators, and community leaders.'}, 'child_css': {}, 'css': {}, 'id': 'preview_text', 'label': 'Preview Text <span class=help-text>This will be used as the preview text that displays in some email clients</span>', 'name': 'preview_text', 'order': 0, 'smart_type': None, 'styles': {}, 'type': 'text'}",Unclassified,2026-04-09,54,208,15,https://49073304.hs-sites.com/-temporary-slug-efad7cb9-3bcc-448a-af02-7e0b23eda227,0.2777777777777778,3.8518518518518516,0.07211538461538461
210407629907,RP26 HP EMP,Discover HP Additive Manufacturing Solutions at RAPID + TCT!,"{'body': {'value': ""Don't miss their exclusive onsite unveiling!""}, 'child_css': {}, 'css': {}, 'id': 'preview_text', 'label': 'Preview Text <span class=help-text>This will be used as the preview text that displays in some email clients</span>', 'name': 'preview_text', 'order': 0, 'smart_type': None, 'styles': {}, 'type': 'text'}",Unclassified,2026-04-10,36960,6583,198,https://49073304.hs-sites.com/-temporary-slug-9eaddd1c-c3e1-4541-8acc-2ef5b0f67b6e,0.005357142857142857,0.17811147186147186,0.03007747227707732
210411521381,MW 4/7/26,Your MW Newsletter Is Here,"{'body': {'value': 'April 7, 2026 - Self-Driving Car Accidents, MEP Map Updates'}, 'child_css': {}, 'css': {}, 'id': 'preview_text', 'label': 'Preview Text <span class=help-text>This will be used as the preview text that displays in some email clients</span>', 'name': 'preview_text', 'order': 0, 'smart_type': None, 'styles': {}, 'type': 'text'}",Newsletter,2026-04-07,24303,5199,580,https://www.facebook.com/SMEMediaNews,0.02386536641566885,0.2139242068880385,0.11155991536834006
210651049057,SME Awards Gala (Clone),One Night. One Stage. Join Us at the 2026 AM Awards Gala,"{'body': {'value': ''}, 'child_css': {}, 'css': {}, 'id': 'preview_text', 'label': 'Preview Text <span class=help-text>This will be used as the preview text that displays in some email clients</span>', 'name': 'preview_text', 'order': 0, 'styles': {}, 'type': 'text'}",Unclassified,2026-04-07,0,0,0,,0.0,0.0,0.0
210630692110,2026 Membership_MICC April #1,In 30 Mins: How Regulated Manufacturers Are Meeting Today's Quality Demands,"{'body': {'value': 'This free session explores the compliance strategies and quality best practices keeping regulated industries ahead of the curve'}, 'child_css': {}, 'css': {}, 'id': 'preview_text', 'label': 'Preview Text <span class=help-text>This will be used as the preview text that displays in some email clients</span>', 'name': 'preview_text', 'order': 0, 'smart_type': None, 'styles': {}, 'type': 'text'}",Unclassified,2026-04-07,17844,6133,214,https://49073304.hs-sites.com/-temporary-slug-e20a4f6a-50fe-42ee-89c7-a65b81b4b04b,0.011992826720466263,0.34370096390943733,0.034893200717430295
210569203245,MW 4/10/26,Your MW Newsletter Is Here,"{'body': {'value': 'April 10, 2026 - 3D Printing Cancer Treatment, AI Energy Use'}, 'child_css': {}, 'css': {}, 'id': 'preview_text', 'label': 'Preview Text <span class=help-text>This will be used as the preview text that displays in some email clients</span>', 'name': 'preview_text', 'order': 0, 'smart_type': None, 'styles': {}, 'type': 'text'}",Newsletter,2026-04-10,28934,5877,466,https://www.facebook.com/SMEMediaNews,0.016105619686182345,0.20311743969032972,0.07929215586183427
210699688875,2026 Membership_Spotlight Series April #1,Is your shop running on disconnected tools? There's a better way.,"{'body': {'value': 'Join a free webinar on April 22'}, 'child_css': {}, 'css': {}, 'id': 'preview_text', 'label': 'Preview Text <span class=help-text>This will be used as the preview text that displays in some email clients</span>', 'name': 'preview_text', 'order': 0, 'smart_type': None, 'styles': {}, 'type': 'text'}",Unclassified,2026-04-10,48946,4778,107,https://49073304.hs-sites.com/-temporary-slug-68952c00-ef83-42e2-b591-5cd708ccf140,0.0021860826216646917,0.0976177828627467,0.02239430724152365
210699795971,MW 4/7/26 (Clone),Your MW Newsletter Is Here,"{'body': {'value': 'April 7, 2026 - Self-Driving Car Accidents, MEP Map Updates'}, 'child_css': {}, 'css': {}, 'id': 'preview_text', 'label': 'Preview Text <span class=help-text>This will be used as the preview text that displays in some email clients</span>', 'name': 'preview_text', 'order': 0, 'smart_type': None, 'styles': {}, 'type': 'text'}",Newsletter,2026-04-08,0,0,0,https://www.facebook.com/SMEMediaNews,0.0,0.0,0.0
210699802468,New email,,"{'body': {'value': ''}, 'child_css': {}, 'css': {}, 'id': 'preview_text', 'label': 'Preview Text <span class=help-text>This will be used as the preview text that displays in some email clients</span>', 'name': 'preview_text', 'order': 0, 'smart_type': None, 'styles': {}, 'type': 'text'}",Unclassified,2026-04-08,0,0,0,,0.0,0.0,0.0
210703234432,New email,,"{'body': {'value': ''}, 'child_css': {}, 'css': {}, 'id': 'preview_text', 'label': 'Preview Text <span class=help-text>This will be used as the preview text that displays in some email clients</span>', 'name': 'preview_text', 'order': 0, 'smart_type': None, 'styles': {}, 'type': 'text'}",Unclassified,2026-04-08,0,0,0,,0.0,0.0,0.0
210703521383,2026 Membership_RAPID Member Day KBYG #1,Know Before You Go: SME Member Day at RAPID + TCT,"{'body': {'value': 'Introducing SME Member Day: a FREE curated experience just for members at RAPID + TCT'}, 'child_css': {}, 'css': {}, 'id': 'preview_text', 'label': 'Preview Text <span class=help-text>This will be used as the preview text that displays in some email clients</span>', 'name': 'preview_text', 'order': 0, 'smart_type': None, 'styles': {}, 'type': 'text'}",Unclassified,2026-04-09,29,19,6,https://49073304.hs-sites.com/-temporary-slug-a0cfa5f6-93c1-45a5-8ce1-4328c474eb40,0.20689655172413793,0.6551724137931034,0.3157894736842105
210703606891,Castrol Apr eNotifier,Learn how Castrol keeps aircraft flying safely,"{'body': {'value': ""From the first transatlantic flight to hypersonic travel, Castrol aviation lubricants have powered a century of safe flight. Learn how today's aviation fluids are engineered to perform.""}, 'child_css': {}, 'css': {}, 'id': 'preview_text', 'label': 'Preview Text <span class=help-text>This will be used as the preview text that displays in some email clients</span>', 'name': 'preview_text', 'order': 0, 'smart_type': None, 'styles': {}, 'type': 'text'}",Unclassified,2026-04-08,0,0,0,,0.0,0.0,0.0
210646561441,MW 4/14/26,Your MW Newsletter Is Here,"{'body': {'value': 'April 14, 2026 - Pentagon Requests More Missiles, Budget Cuts MEP'}, 'child_css': {}, 'css': {}, 'id': 'preview_text', 'label': 'Preview Text <span class=help-text>This will be used as the preview text that displays in some email clients</span>', 'name': 'preview_text', 'order': 0, 'smart_type': None, 'styles': {}, 'type': 'text'}",Newsletter,2026-04-14,29065,4486,653,https://www.facebook.com/SMEMediaNews,0.022466884569069326,0.1543437123688285,0.14556397681676325
210711415368,MMTS 2026 - AT 10 - CAN (EN),"{{ personalization_token('contact.firstname', ' ') }} Manufacturing requirements are changing","{'body': {'value': 'Aerospace precision and sustainable production at MMTS.'}, 'child_css': {}, 'css': {}, 'id': 'preview_text', 'label': 'Preview Text <span class=help-text>This will be used as the preview text that displays in some email clients</span>', 'name': 'preview_text', 'order': 0, 'smart_type': None, 'styles': {}, 'type': 'text'}",Unclassified,2026-04-09,4415,1109,19,https://www.facebook.com/MMTSevent,0.004303510758776897,0.25118912797281995,0.017132551848512173
210711303839,Webinar Series April 23,Webinar: Real-Time Quality Monitoring for High-Stakes Manufacturing,"{'body': {'value': ''}, 'child_css': {}, 'css': {}, 'id': 'preview_text', 'label': 'Preview Text <span class=help-text>This will be used as the preview text that displays in some email clients</span>', 'name': 'preview_text', 'order': 0, 'smart_type': None, 'styles': {}, 'type': 'text'}",Unclassified,2026-04-08,12846,2767,164,https://49073304.hs-sites.com/-temporary-slug-582e32f0-e50f-4cbb-b4d7-27decf228f0e,0.012766619959520473,0.21539778919508018,0.05926996747379834
210711601933,MMTS 2026 - AT 07 - CAN (EN),"{{ personalization_token('contact.firstname', ' ') }} Additive manufacturing is ready. Are you?","{'body': {'value': 'See where additive fits into real production.'}, 'child_css': {}, 'css': {}, 'id': 'preview_text', 'label': 'Preview Text <span class=help-text>This will be used as the preview text that displays in some email clients</span>', 'name': 'preview_text', 'order': 0, 'smart_type': None, 'styles': {}, 'type': 'text'}",Unclassified,2026-04-08,5026,1163,22,https://www.facebook.com/MMTSevent,0.004377238360525269,0.2313967369677676,0.018916595012897677
210711627824,Webinar Series April 23 (Clone),Register for the  Real-Time Quality Monitoring for High-Stakes Manufacturing Webinar,"{'body': {'value': ''}, 'child_css': {}, 'css': {}, 'id': 'preview_text', 'label': 'Preview Text <span class=help-text>This will be used as the preview text that displays in some email clients</span>', 'name': 'preview_text', 'order': 0, 'smart_type': None, 'styles': {}, 'type': 'text'}",Unclassified,2026-04-08,11125,2489,148,https://49073304.hs-sites.com/-temporary-slug-26e57e9d-802d-410b-ae3d-723cf911fb1d,0.013303370786516854,0.2237303370786517,0.05946163117717959
210711627905,Webinar Series April 23 (Clone) (Clone),Last Chance: Real-Time Quality Monitoring for High-Stakes Manufacturing Webinar,"{'body': {'value': ''}, 'child_css': {}, 'css': {}, 'id': 'preview_text', 'label': 'Preview Text <span class=help-text>This will be used as the preview text that displays in some email clients</span>', 'name': 'preview_text', 'order': 0, 'smart_type': None, 'styles': {}, 'type': 'text'}",Unclassified,2026-04-08,10774,2052,126,https://49073304.hs-sites.com/-temporary-slug-d638b133-f489-4132-b0bd-38221aaaf5f3,0.01169482086504548,0.19045851123074067,0.06140350877192982
210699606365,2026 Membership_SME Engage April 10,Register Now: SME Engagement Events,"{'body': {'value': ""See what's upcoming with SME membership engagement events""}, 'child_css': {}, 'css': {}, 'id': 'preview_text', 'label': 'Preview Text <span class=help-text>This will be used as the preview text that displays in some email clients</span>', 'name': 'preview_text', 'order': 0, 'smart_type': None, 'styles': {}, 'type': 'text'}",Unclassified,2026-04-09,7672,2236,143,https://49073304.hs-sites.com/register-now-sme-engagement-events-1775748349340,0.018639207507820648,0.2914494264859228,0.06395348837209303
210711694198,MMTS 2026 - AT 08 - CAN (EN),"{{ personalization_token('contact.firstname', ' ') }} How connected is your shop floor?","{'body': {'value': 'See automation and systems working together.'}, 'child_css': {}, 'css': {}, 'id': 'preview_text', 'label': 'Preview Text <span class=help-text>This will be used as the preview text that displays in some email clients</span>', 'name': 'preview_text', 'order': 0, 'smart_type': None, 'styles': {}, 'type': 'text'}",Unclassified,2026-04-09,4859,1079,25,https://www.facebook.com/MMTSevent,0.005145091582630171,0.22206215270631818,0.023169601482854494
210711694429,MMTS 2026 - AT 09 - CAN (EN),"{{ personalization_token('contact.firstname', ' ') }} Manufacturing professionals are already registering","{'body': {'value': 'Join 5,000 professionals at MMTS 2026.'}, 'child_css': {}, 'css': {}, 'id': 'preview_text', 'label': 'Preview Text <span class=help-text>This will be used as the preview text that displays in some email clients</span>', 'name': 'preview_text', 'order': 0, 'smart_type': None, 'styles': {}, 'type': 'text'}",Unclassified,2026-04-09,4496,1202,32,https://www.facebook.com/MMTSevent,0.0071174377224199285,0.26734875444839856,0.026622296173044926
210695956767,RP26 Top5 Final,NEXT WEEK: The Countdown is ON!,"{'body': {'value': '🎟️ Your ticket to additive manufacturing excellence'}, 'child_css': {}, 'css': {}, 'id': 'preview_text', 'label': 'Preview Text <span class=help-text>This will be used as the preview text that displays in some email clients</span>', 'name': 'preview_text', 'order': 0, 'smart_type': None, 'styles': {}, 'type': 'text'}",Unclassified,2026-04-08,80545,5669,302,https://49073304.hs-sites.com/-temporary-slug-b07ba783-e603-4d7e-8eee-e6044d20469b,0.003749456825377118,0.07038301570550624,0.053272182042688306
210773364254,2026 Membership_RAPID Member Day KBYG #2,Tomorrow: SME Member Day at RAPID + TCT,"{'body': {'value': 'Introducing SME Member Day: a FREE curated experience just for members at RAPID + TCT'}, 'child_css': {}, 'css': {}, 'id': 'preview_text', 'label': 'Preview Text <span class=help-text>This will be used as the preview text that displays in some email clients</span>', 'name': 'preview_text', 'order': 0, 'smart_type': None, 'styles': {}, 'type': 'text'}",Unclassified,2026-04-09,27,14,2,https://49073304.hs-sites.com/-temporary-slug-d63f83ea-bc4f-4d6c-8bb7-76f9c531428a,0.07407407407407407,0.5185185185185185,0.14285714285714285
210729883472,MMTS 2026 - AT 07 - CAN (FR),"{{ personalization_token('contact.firstname', ' ') }} La fabrication additive est prête. L’êtes-vous?","{'body': {'value': 'Voyez où la fabrication additive devient pratique'}, 'child_css': {}, 'css': {}, 'id': 'preview_text', 'label': 'Preview Text <span class=help-text>This will be used as the preview text that displays in some email clients</span>', 'name': 'preview_text', 'order': 0, 'smart_type': None, 'styles': {}, 'type': 'text'}",Unclassified,2026-04-08,3549,1293,54,https://www.facebook.com/MMTSevent,0.015215553677092139,0.3643279797125951,0.04176334106728538
210773618347,SMEEF SME PRIME Gainesville Invite_04102026,Experience SME PRIME at Gainesville High School,"{'body': {'value': ""See how Georgia's students are building real-world skills through SME PRIME.""}, 'child_css': {}, 'css': {}, 'id': 'preview_text', 'label': 'Preview Text <span class=help-text>This will be used as the preview text that displays in some email clients</span>', 'name': 'preview_text', 'order': 0, 'smart_type': None, 'styles': {}, 'type': 'text'}",Unclassified,2026-04-13,0,0,0,,0.0,0.0,0.0
210757496164,RP26 Tuesday Highlights,Day 1 Highlights!,"{'body': {'value': 'Your Ticket to Additive Excellence'}, 'child_css': {}, 'css': {}, 'id': 'preview_text', 'label': 'Preview Text <span class=help-text>This will be used as the preview text that displays in some email clients</span>', 'name': 'preview_text', 'order': 0, 'smart_type': None, 'styles': {}, 'type': 'text'}",Unclassified,2026-04-13,4352,2420,378,https://49073304.hs-sites.com/-temporary-slug-d436697e-db94-4104-9739-69b8d0f15534,0.08685661764705882,0.5560661764705882,0.15619834710743802
210773491641,MMTS 2026 - AT 08 - CAN (FR),"{{ personalization_token('contact.firstname', ' ') }} Votre usine est-elle connectée?","{'body': {'value': 'Voyez comment vos systèmes peuvent s’automatiser'}, 'child_css': {}, 'css': {}, 'id': 'preview_text', 'label': 'Preview Text <span class=help-text>This will be used as the preview text that displays in some email clients</span>', 'name': 'preview_text', 'order': 0, 'smart_type': None, 'styles': {}, 'type': 'text'}",Unclassified,2026-04-09,3596,1309,58,https://www.facebook.com/MMTSevent,0.016129032258064516,0.36401557285873193,0.04430863254392666
210773695010,MMTS 2026 - AT 10 - CAN (FR),"{{ personalization_token('contact.firstname', ' ') }} Les exigences de fabrication changent","{'body': {'value': 'Production durable et spécificités de l’aérospatiale au STFM'}, 'child_css': {}, 'css': {}, 'id': 'preview_text', 'label': 'Preview Text <span class=help-text>This will be used as the preview text that displays in some email clients</span>', 'name': 'preview_text', 'order': 0, 'smart_type': None, 'styles': {}, 'type': 'text'}",Unclassified,2026-04-09,3373,1135,61,https://www.facebook.com/MMTSevent,0.018084790987251704,0.3364957011562407,0.053744493392070485
210824009633,RSS Feed Test MW (Clone),Your MW Newsletter Is Here,"{'body': {'value': 'March 24, 2026 - China Unlikely to Invade Taiwan, Bezos Shops Manufacturers'}, 'child_css': {}, 'css': {}, 'id': 'preview_text', 'label': 'Preview Text <span class=help-text>This will be used as the preview text that displays in some email clients</span>', 'name': 'preview_text', 'order': 0, 'smart_type': None, 'styles': {}, 'type': 'text'}",Unclassified,2026-04-10,0,0,0,https://www.facebook.com/SMEMediaNews,0.0,0.0,0.0
210824090148,RP26 Wednesday Highlight,Today's Highlights!,"{'body': {'value': 'Your Ticket to Additive Excellence'}, 'child_css': {}, 'css': {}, 'id': 'preview_text', 'label': 'Preview Text <span class=help-text>This will be used as the preview text that displays in some email clients</span>', 'name': 'preview_text', 'order': 0, 'styles': {}, 'type': 'text'}",Unclassified,2026-04-10,0,0,0,,0.0,0.0,0.0
210773833859,MMTS 2026 - AT 09 - CAN (FR),"{{ personalization_token('contact.firstname', ' ') }} Les professionnels de la fabrication sont déjà inscrits","{'body': {'value': 'Rejoignez 5 000 professionnels au STFM 2026'}, 'child_css': {}, 'css': {}, 'id': 'preview_text', 'label': 'Preview Text <span class=help-text>This will be used as the preview text that displays in some email clients</span>', 'name': 'preview_text', 'order': 0, 'smart_type': None, 'styles': {}, 'type': 'text'}",Unclassified,2026-04-09,3538,1064,75,https://www.facebook.com/MMTSevent,0.0211984171848502,0.30073487846240815,0.07048872180451128
210757579363,30 Under 30 Managers +,SME’s 30 Under 30 Is Back—Who Belongs on the List?,"{'body': {'value': 'Nominate a trailblazer making an impact in STEM today!'}, 'child_css': {}, 'css': {}, 'id': 'preview_text', 'label': 'Preview Text <span class=help-text>This will be used as the preview text that displays in some email clients</span>', 'name': 'preview_text', 'order': 0, 'smart_type': None, 'styles': {}, 'type': 'text'}",Unclassified,2026-04-09,17210,2465,48,https://49073304.hs-sites.com/-temporary-slug-11f5d3b9-2640-4ccd-b8c4-dff7dc7cdf9f,0.002789076118535735,0.1432306798373039,0.01947261663286004
210836663571,2026 Membership_Spotlight Series April #2b,Is your shop still running on tribal knowledge? This is for you.,"{'body': {'value': 'Join a free webinar on April 22'}, 'child_css': {}, 'css': {}, 'id': 'preview_text', 'label': 'Preview Text <span class=help-text>This will be used as the preview text that displays in some email clients</span>', 'name': 'preview_text', 'order': 0, 'smart_type': None, 'styles': {}, 'type': 'text'}",Unclassified,2026-04-10,2085,1272,13,https://49073304.hs-sites.com/-temporary-slug-d315e22c-cfad-4d35-a619-35ac7f107218,0.006235011990407674,0.6100719424460431,0.010220125786163521
210836748694,2026 Membership_Spotlight Series April #3a,60 seconds to register. An hour that could change how your shop runs.,"{'body': {'value': 'Join a free webinar on April 22'}, 'child_css': {}, 'css': {}, 'id': 'preview_text', 'label': 'Preview Text <span class=help-text>This will be used as the preview text that displays in some email clients</span>', 'name': 'preview_text', 'order': 0, 'smart_type': None, 'styles': {}, 'type': 'text'}",Unclassified,2026-04-10,43,20,8,https://49073304.hs-sites.com/-temporary-slug-182f426e-e5c6-478a-ba5d-603fee9a794d,0.18604651162790697,0.46511627906976744,0.4
210836748839,2026 Membership_Spotlight Series April #3b,"More work, more chaos? There's a fix for that.","{'body': {'value': 'Join a free webinar on April 22'}, 'child_css': {}, 'css': {}, 'id': 'preview_text', 'label': 'Preview Text <span class=help-text>This will be used as the preview text that displays in some email clients</span>', 'name': 'preview_text', 'order': 0, 'smart_type': None, 'styles': {}, 'type': 'text'}",Unclassified,2026-04-10,2105,1262,5,https://49073304.hs-sites.com/-temporary-slug-6345c4b7-79e1-473c-abd7-eb4dcf4d57af,0.0023752969121140144,0.5995249406175772,0.003961965134706815
210836758193,2026 Membership_Spotlight Series April #2a,What's stopping your shop from running like a system?,"{'body': {'value': 'Join a free webinar on April 22'}, 'child_css': {}, 'css': {}, 'id': 'preview_text', 'label': 'Preview Text <span class=help-text>This will be used as the preview text that displays in some email clients</span>', 'name': 'preview_text', 'order': 0, 'smart_type': None, 'styles': {}, 'type': 'text'}",Unclassified,2026-04-10,45,22,13,https://49073304.hs-sites.com/-temporary-slug-45dd5c23-d551-473b-95ab-000b5538930d,0.28888888888888886,0.4888888888888889,0.5909090909090909
210836759212,2026 Membership_Spotlight Series April #2c,"Connecting your BOM, routing, and shop floor into one system","{'body': {'value': 'Join a free webinar on April 22'}, 'child_css': {}, 'css': {}, 'id': 'preview_text', 'label': 'Preview Text <span class=help-text>This will be used as the preview text that displays in some email clients</span>', 'name': 'preview_text', 'order': 0, 'smart_type': None, 'styles': {}, 'type': 'text'}",Unclassified,2026-04-10,28749,933,39,https://49073304.hs-sites.com/-temporary-slug-207827a5-d919-4e99-9442-d77fa520b1e0,0.0013565689241364918,0.032453302723572997,0.04180064308681672
210829900298,RP26 Recap,Read the Event Recap!,"{'body': {'value': 'Thank You for Attending'}, 'child_css': {}, 'css': {}, 'id': 'preview_text', 'label': 'Preview Text <span class=help-text>This will be used as the preview text that displays in some email clients</span>', 'name': 'preview_text', 'order': 0, 'smart_type': None, 'styles': {}, 'type': 'text'}",Unclassified,2026-04-29,4329,1455,192,https://49073304.hs-sites.com/-temporary-slug-d7558c2b-17ab-4d5f-849d-3d727e0c52e4,0.04435204435204435,0.3361053361053361,0.13195876288659794
210824090231,RP26 Wednesday Highlights,Day 2 Highlights!,"{'body': {'value': 'Today in 3D Printing'}, 'child_css': {}, 'css': {}, 'id': 'preview_text', 'label': 'Preview Text <span class=help-text>This will be used as the preview text that displays in some email clients</span>', 'name': 'preview_text', 'order': 0, 'smart_type': None, 'styles': {}, 'type': 'text'}",Unclassified,2026-04-13,5360,2380,239,https://49073304.hs-sites.com/-temporary-slug-f3a4db2b-774a-4829-ac32-5b43e5ef606b,0.04458955223880597,0.44402985074626866,0.1004201680672269
210836808971,2026 Membership_Spotlight Series April #3c, How to stop your shop from running on tribal knowledge,"{'body': {'value': 'Join a free webinar on April 22'}, 'child_css': {}, 'css': {}, 'id': 'preview_text', 'label': 'Preview Text <span class=help-text>This will be used as the preview text that displays in some email clients</span>', 'name': 'preview_text', 'order': 0, 'smart_type': None, 'styles': {}, 'type': 'text'}",Unclassified,2026-04-10,28546,730,44,https://49073304.hs-sites.com/-temporary-slug-5b90ef94-8794-4ab6-a57f-3488b33859ec,0.0015413718209206194,0.025572759756183002,0.06027397260273973
210840290572,2026 Membership_Spotlight Series April #4,"In 30 Mins: Building the system that turns growth into profit, not chaos","{'body': {'value': 'Join a free webinar at 2 p.m. ET'}, 'child_css': {}, 'css': {}, 'id': 'preview_text', 'label': 'Preview Text <span class=help-text>This will be used as the preview text that displays in some email clients</span>', 'name': 'preview_text', 'order': 0, 'smart_type': None, 'styles': {}, 'type': 'text'}",Unclassified,2026-04-10,3439,1661,48,https://49073304.hs-sites.com/-temporary-slug-42ffbec6-0bdc-449b-a047-bd7f58e0c575,0.01395754579819715,0.4829892410584472,0.028898254063816978
210941879977,2026 Membership_RAPID Member Day Survey #1,Feedback Wanted: SME Member Day at RAPID + TCT 🎉,"{'body': {'value': 'Help us shape the future of SME Member Day!'}, 'child_css': {}, 'css': {}, 'id': 'preview_text', 'label': 'Preview Text <span class=help-text>This will be used as the preview text that displays in some email clients</span>', 'name': 'preview_text', 'order': 0, 'smart_type': None, 'styles': {}, 'type': 'text'}",Unclassified,2026-04-13,28,12,1,https://49073304.hs-sites.com/-temporary-slug-8251ef5d-e81c-4143-be1d-3aefb0badf8d,0.03571428571428571,0.42857142857142855,0.08333333333333333
210944201888,2026 Membership_RAPID Member Day Survey #2,Feedback Still Wanted: SME Member Day at RAPID + TCT 🎉,"{'body': {'value': 'Help us shape the future of SME Member Day!'}, 'child_css': {}, 'css': {}, 'id': 'preview_text', 'label': 'Preview Text <span class=help-text>This will be used as the preview text that displays in some email clients</span>', 'name': 'preview_text', 'order': 0, 'smart_type': None, 'styles': {}, 'type': 'text'}",Unclassified,2026-04-13,28,11,0,https://49073304.hs-sites.com/-temporary-slug-1c7d20e8-119d-44d9-86f2-854cdac8578b,0.0,0.39285714285714285,0.0
211044310412,2026 Membership_RAPID Member Day Get Bag,Have you received your FREE Member Day bag at RAPID yet?,"{'body': {'value': 'Stop by Mission Critical Booth #2363'}, 'child_css': {}, 'css': {}, 'id': 'preview_text', 'label': 'Preview Text <span class=help-text>This will be used as the preview text that displays in some email clients</span>', 'name': 'preview_text', 'order': 0, 'smart_type': None, 'styles': {}, 'type': 'text'}",Unclassified,2026-04-14,27,39,0,https://49073304.hs-sites.com/-temporary-slug-07356be9-bd6d-4e7b-b1df-d377aa660b99,0.0,1.4444444444444444,0.0
211128917591,CADDi May 13 Webinar,"{{ personalization_token('contact.firstname', 'Hi,') }}, check out this upcoming informative webinar!","{'body': {'value': 'Register now to secure your spot and walk away with a practical roadmap you can put to work right away.'}, 'child_css': {}, 'css': {}, 'id': 'preview_text', 'label': 'Preview Text <span class=help-text>This will be used as the preview text that displays in some email clients</span>', 'name': 'preview_text', 'order': 0, 'smart_type': None, 'styles': {}, 'type': 'text'}",Unclassified,2026-04-21,6177,2604,80,https://49073304.hs-sites.com/-temporary-slug-cf9bd8e2-5e65-469c-81f3-d4d8e3c0be06,0.012951270843451514,0.42156386595434675,0.030721966205837174
211169785427,2026 Membership_RAPID Acquisition #1,RAPID + TCT ended. Your access to the AM industry doesn't have to.,"{'body': {'value': 'Save $29 on SME Membership through May 1.'}, 'child_css': {}, 'css': {}, 'id': 'preview_text', 'label': 'Preview Text <span class=help-text>This will be used as the preview text that displays in some email clients</span>', 'name': 'preview_text', 'order': 0, 'smart_type': None, 'styles': {}, 'type': 'text'}",Unclassified,2026-04-16,4032,817,38,https://49073304.hs-sites.com/-temporary-slug-e4f006ef-6c19-4410-a087-2140bf73444f,0.009424603174603174,0.20262896825396826,0.046511627906976744
211176805171,Partner Email - 19th Annual Joint Open House,One Open House. Four Locations. Real Comparisons,"{'body': {'value': 'Visit one—or all four. Complete your passport to qualify for $40,000 in tooling.'}, 'child_css': {}, 'css': {}, 'id': 'preview_text', 'label': 'Preview Text <span class=help-text>This will be used as the preview text that displays in some email clients</span>', 'name': 'preview_text', 'order': 0, 'smart_type': None, 'styles': {}, 'type': 'text'}",Unclassified,2026-04-17,4294,1240,24,https://49073304.hs-sites.com/-temporary-slug-19bdd400-0653-44f6-af04-fa8b1dd7c66f,0.0055891942244993015,0.2887750349324639,0.01935483870967742
211193875126,MW 4/10/26 (Clone),Your MW Newsletter Is Here,"{'body': {'value': 'April 10, 2026 - 3D Printing Cancer Treatment, AI Energy Use'}, 'child_css': {}, 'css': {}, 'id': 'preview_text', 'label': 'Preview Text <span class=help-text>This will be used as the preview text that displays in some email clients</span>', 'name': 'preview_text', 'order': 0, 'smart_type': None, 'styles': {}, 'type': 'text'}",Newsletter,2026-04-16,0,0,0,https://www.facebook.com/SMEMediaNews,0.0,0.0,0.0
210944199233,2026 Membership_SME Engage April 17,Register Now: SME Engagement Events,"{'body': {'value': ""See what's upcoming with SME membership engagement events""}, 'child_css': {}, 'css': {}, 'id': 'preview_text', 'label': 'Preview Text <span class=help-text>This will be used as the preview text that displays in some email clients</span>', 'name': 'preview_text', 'order': 0, 'smart_type': None, 'styles': {}, 'type': 'text'}",Unclassified,2026-04-15,3398,1636,81,https://49073304.hs-sites.com/register-now-sme-engagement-events-1776284597587,0.023837551500882872,0.48145968216598,0.049511002444987774
211194159274,2026 Membership_RAPID Acquisition #2A,The professionals advancing AM don't just attend RAPID. Here's what they do next.,"{'body': {'value': 'Save $29 on SME Membership through May 1.'}, 'child_css': {}, 'css': {}, 'id': 'preview_text', 'label': 'Preview Text <span class=help-text>This will be used as the preview text that displays in some email clients</span>', 'name': 'preview_text', 'order': 0, 'smart_type': None, 'styles': {}, 'type': 'text'}",Unclassified,2026-04-16,724,456,19,https://49073304.hs-sites.com/-temporary-slug-e7d302b7-1e18-4987-b688-62759ce8bf91,0.026243093922651933,0.6298342541436464,0.041666666666666664
211194159624,2026 Membership_RAPID Acquisition #2B,The professionals advancing AM don't just attend RAPID. Here's what they do next.,"{'body': {'value': 'Save $29 on SME Membership through May 1.'}, 'child_css': {}, 'css': {}, 'id': 'preview_text', 'label': 'Preview Text <span class=help-text>This will be used as the preview text that displays in some email clients</span>', 'name': 'preview_text', 'order': 0, 'smart_type': None, 'styles': {}, 'type': 'text'}",Unclassified,2026-04-16,2891,302,7,https://49073304.hs-sites.com/-temporary-slug-8ab3dab4-c814-4c8b-946e-499bcb66f977,0.002421307506053269,0.10446212383258388,0.023178807947019868
211169502862,MW 4/21/26,Your MW Newsletter Is Here,"{'body': {'value': ""April 21, 2026 - AM in Healthcare, Boeing's New Satellite Platform""}, 'child_css': {}, 'css': {}, 'id': 'preview_text', 'label': 'Preview Text <span class=help-text>This will be used as the preview text that displays in some email clients</span>', 'name': 'preview_text', 'order': 0, 'smart_type': None, 'styles': {}, 'type': 'text'}",Newsletter,2026-04-21,33660,5231,389,https://www.facebook.com/SMEMediaNews,0.011556743909685085,0.15540701128936424,0.07436436627795832
211193884702,2026 Membership_AMCC April #1,"In 30 Mins: Polymers, alloys, and what's next in additive manufacturing ","{'body': {'value': 'A candid peer conversation on the materials reshaping additive manufacturing.'}, 'child_css': {}, 'css': {}, 'id': 'preview_text', 'label': 'Preview Text <span class=help-text>This will be used as the preview text that displays in some email clients</span>', 'name': 'preview_text', 'order': 0, 'smart_type': None, 'styles': {}, 'type': 'text'}",Unclassified,2026-04-16,8865,3690,157,https://49073304.hs-sites.com/-temporary-slug-3b135eb0-ce52-4d3b-ace5-6cfdd5fcabe3,0.017710095882684716,0.41624365482233505,0.04254742547425474
211273103902,2026 Membership_Leadership Training #3a,What no one tells you about your first leadership role,"{'body': {'value': 'Register for our new Transitioning to Leadership course'}, 'child_css': {}, 'css': {}, 'id': 'preview_text', 'label': 'Preview Text <span class=help-text>This will be used as the preview text that displays in some email clients</span>', 'name': 'preview_text', 'order': 0, 'smart_type': None, 'styles': {}, 'type': 'text'}",Unclassified,2026-04-18,0,0,0,,0.0,0.0,0.0
211259781653,2026 Membership_Leadership Training #2a,What no one tells you about your first leadership role,"{'body': {'value': 'Register for our new Transitioning to Leadership course'}, 'child_css': {}, 'css': {}, 'id': 'preview_text', 'label': 'Preview Text <span class=help-text>This will be used as the preview text that displays in some email clients</span>', 'name': 'preview_text', 'order': 0, 'smart_type': None, 'styles': {}, 'type': 'text'}",Unclassified,2026-04-18,0,0,0,https://49073304.hs-sites.com/-temporary-slug-8270a71d-bd71-4cfd-b000-52772e833de0,0.0,0.0,0.0
211260034840,2026 Membership_Leadership Training #1,"{{ personalization_token('contact.firstname', ' ') }}, Ready for Your Next Leadership Step?","{'body': {'value': 'Register for our new Transitioning to Leadership course'}, 'child_css': {}, 'css': {}, 'id': 'preview_text', 'label': 'Preview Text <span class=help-text>This will be used as the preview text that displays in some email clients</span>', 'name': 'preview_text', 'order': 0, 'smart_type': None, 'styles': {}, 'type': 'text'}",Unclassified,2026-04-17,0,0,0,,0.0,0.0,0.0
211388943677,SME Spring Awards Gala,Don't Miss the SME International Awards Gala,"{'body': {'value': 'Join us May 4 in Nashville'}, 'child_css': {}, 'css': {}, 'id': 'preview_text', 'label': 'Preview Text <span class=help-text>This will be used as the preview text that displays in some email clients</span>', 'name': 'preview_text', 'order': 0, 'smart_type': None, 'styles': {}, 'type': 'text'}",Unclassified,2026-04-20,55,72,0,https://49073304.hs-sites.com/-temporary-slug-a72eafab-88d1-42ac-9628-a1d52ad67a88,0.0,1.309090909090909,0.0
211401542756,New email,,"{'body': {'value': ''}, 'child_css': {}, 'css': {}, 'id': 'preview_text', 'label': 'Preview Text <span class=help-text>This will be used as the preview text that displays in some email clients</span>', 'name': 'preview_text', 'order': 0, 'smart_type': None, 'styles': {}, 'type': 'text'}",Unclassified,2026-04-20,0,0,0,,0.0,0.0,0.0
210990245388,MW 4/17/26,Your MW Newsletter Is Here,"{'body': {'value': 'April 17, 2026 - News from RAPID + TCT, Mfg. Jobs Increase'}, 'child_css': {}, 'css': {}, 'id': 'preview_text', 'label': 'Preview Text <span class=help-text>This will be used as the preview text that displays in some email clients</span>', 'name': 'preview_text', 'order': 0, 'smart_type': None, 'styles': {}, 'type': 'text'}",Newsletter,2026-04-17,29013,5380,600,https://www.facebook.com/SMEMediaNews,0.020680384655154586,0.18543411574121946,0.11152416356877323
211401622440,Boast Apr 23 Custom Email,Most manufacturers qualify for the R&D tax credit. Most don't claim it all.,"{'body': {'value': 'Ready to Find Out What You Qualify For?'}, 'child_css': {}, 'css': {}, 'id': 'preview_text', 'label': 'Preview Text <span class=help-text>This will be used as the preview text that displays in some email clients</span>', 'name': 'preview_text', 'order': 0, 'smart_type': None, 'styles': {}, 'type': 'text'}",Advertising,2026-04-23,10847,928,79,https://49073304.hs-sites.com/-temporary-slug-f80686b3-2a4a-4e3a-9e52-43f7648ecec4,0.007283119756614732,0.08555360929289205,0.08512931034482758
211397432867,Iscar May 20 Webinar,"{{ personalization_token('contact.firstname', 'Hi,') }}, we think you'll enjoy this webinar! ","{'body': {'value': 'Don’t miss this opportunity to enhance your machining operations!'}, 'child_css': {}, 'css': {}, 'id': 'preview_text', 'label': 'Preview Text <span class=help-text>This will be used as the preview text that displays in some email clients</span>', 'name': 'preview_text', 'order': 0, 'smart_type': None, 'styles': {}, 'type': 'text'}",Unclassified,2026-04-23,12895,1875,101,https://49073304.hs-sites.com/-temporary-slug-361423e3-8023-4d2a-af53-73ceee853423,0.007832493214424195,0.14540519581233036,0.05386666666666667
211462775379,Ericsson Email 1,By Invitation Only: Ericsson Session at MMTS 2026,"{'body': {'value': 'Private, closed-door discussion on 5G and Industry 4.0. Limited seats.'}, 'child_css': {}, 'css': {}, 'id': 'preview_text', 'label': 'Preview Text <span class=help-text>This will be used as the preview text that displays in some email clients</span>', 'name': 'preview_text', 'order': 0, 'smart_type': None, 'styles': {}, 'type': 'text'}",Unclassified,2026-04-23,183,264,28,https://49073304.hs-sites.com/-temporary-slug-a0a4a9e6-a7e2-44a9-aad5-f2f554bc030f,0.15300546448087432,1.4426229508196722,0.10606060606060606
211462930207,New email,,"{'body': {'value': ''}, 'child_css': {}, 'css': {}, 'id': 'preview_text', 'label': 'Preview Text <span class=help-text>This will be used as the preview text that displays in some email clients</span>', 'name': 'preview_text', 'order': 0, 'smart_type': None, 'styles': {}, 'type': 'text'}",Unclassified,2026-04-21,0,0,0,https://www.facebook.com/MMTSevent,0.0,0.0,0.0
211466946135,MMTS 2026 - AT 11 - CAN (EN),"{{ personalization_token('contact.firstname', ' ') }} Executive Perspectives Debuts at MMTS 2026","{'body': {'value': 'Québec’s manufacturing leaders take the stage: strategy, insight, and real direction.'}, 'child_css': {}, 'css': {}, 'id': 'preview_text', 'label': 'Preview Text <span class=help-text>This will be used as the preview text that displays in some email clients</span>', 'name': 'preview_text', 'order': 0, 'smart_type': None, 'styles': {}, 'type': 'text'}",Unclassified,2026-04-22,2234,1141,21,https://www.facebook.com/MMTSevent,0.009400179051029543,0.5107430617726052,0.018404907975460124
211466910283,MMTS 2026 - AT 12 - CAN (EN),"{{ personalization_token('contact.firstname', ' ') }} Don't miss Day 1 at MMTS 2026: Where decisions begin","{'body': {'value': 'May 11 — Smart manufacturing, aerospace, defence. Plan your day.'}, 'child_css': {}, 'css': {}, 'id': 'preview_text', 'label': 'Preview Text <span class=help-text>This will be used as the preview text that displays in some email clients</span>', 'name': 'preview_text', 'order': 0, 'smart_type': None, 'styles': {}, 'type': 'text'}",Unclassified,2026-04-28,2204,1025,22,https://www.facebook.com/MMTSevent,0.009981851179673321,0.4650635208711434,0.021463414634146343
211531624470,2026 Membership_Spotlight Series April #4v2,"In 10 Mins: Building the system that turns growth into profit, not chaos","{'body': {'value': 'Join a free webinar at 2 p.m. ET'}, 'child_css': {}, 'css': {}, 'id': 'preview_text', 'label': 'Preview Text <span class=help-text>This will be used as the preview text that displays in some email clients</span>', 'name': 'preview_text', 'order': 0, 'smart_type': None, 'styles': {}, 'type': 'text'}",Unclassified,2026-04-22,4239,237,16,https://49073304.hs-sites.com/-temporary-slug-d7adec68-154b-4312-9d3b-7e3a911beeaa,0.00377447511205473,0.055909412597310686,0.06751054852320675
211471462788,MMTS 2026 - AT 13 - CAN (EN),"{{ personalization_token('contact.firstname', ' ') }} Day 2 at MMTS 2026: Turn insight into action","{'body': {'value': 'May 12 — AI adoption, execution, and real-world application.'}, 'child_css': {}, 'css': {}, 'id': 'preview_text', 'label': 'Preview Text <span class=help-text>This will be used as the preview text that displays in some email clients</span>', 'name': 'preview_text', 'order': 0, 'smart_type': None, 'styles': {}, 'type': 'text'}",Unclassified,2026-04-30,2124,1029,11,https://www.facebook.com/MMTSevent,0.005178907721280603,0.4844632768361582,0.010689990281827016
211594449981,New email,,"{'body': {'value': ''}, 'child_css': {}, 'css': {}, 'id': 'preview_text', 'label': 'Preview Text <span class=help-text>This will be used as the preview text that displays in some email clients</span>', 'name': 'preview_text', 'order': 0, 'smart_type': None, 'styles': {}, 'type': 'text'}",Unclassified,2026-04-23,0,0,0,,0.0,0.0,0.0
211539877794,MMTS 2026 - AT 11 - CAN (FR),"{{ personalization_token('contact.firstname', ' ') }} Les Perspectives d’affaires, une nouveauté au STFM 2026","{'body': {'value': 'Les chefs de file de la fabrication au Québec prennent la parole : stratégies, visions et actions concrètes.'}, 'child_css': {}, 'css': {}, 'id': 'preview_text', 'label': 'Preview Text <span class=help-text>This will be used as the preview text that displays in some email clients</span>', 'name': 'preview_text', 'order': 0, 'smart_type': None, 'styles': {}, 'type': 'text'}",Unclassified,2026-04-22,3279,849,36,https://www.facebook.com/MMTSevent,0.010978956999085087,0.25892040256175664,0.04240282685512368
211607149417,MMTS 2026 - AT 12 - CAN (FR),"{{ personalization_token('contact.firstname', ' ') }} Ne manquez pas le Jour 1 du STFM 2026 : là où les décisions commencent","{'body': {'value': '11 mai : Fabrication intelligente, aérospatiale, défense. Planifiez votre journée.'}, 'child_css': {}, 'css': {}, 'id': 'preview_text', 'label': 'Preview Text <span class=help-text>This will be used as the preview text that displays in some email clients</span>', 'name': 'preview_text', 'order': 0, 'smart_type': None, 'styles': {}, 'type': 'text'}",Unclassified,2026-04-28,1862,1058,52,https://www.facebook.com/MMTSevent,0.027926960257787327,0.5682062298603652,0.04914933837429111
211647011843,RSS Feed Test MW Basic,,"{'body': {'value': ''}, 'child_css': {}, 'css': {}, 'id': 'preview_text', 'label': 'Preview Text <span class=help-text>This will be used as the preview text that displays in some email clients</span>', 'name': 'preview_text', 'order': 0, 'smart_type': None, 'styles': {}, 'type': 'text'}",Unclassified,2026-04-24,0,0,0,https://www.advancedmanufacturing.org/search/?q=&f=atom&c[]=mwn,0.0,0.0,0.0
211658123584,RSS Feed Test MW Jobs,Your MW Newsletter Is Here,"{'body': {'value': 'March 24, 2026 - China Unlikely to Invade Taiwan, Bezos Shops Manufacturers'}, 'child_css': {}, 'css': {}, 'id': 'preview_text', 'label': 'Preview Text <span class=help-text>This will be used as the preview text that displays in some email clients</span>', 'name': 'preview_text', 'order': 0, 'smart_type': None, 'styles': {}, 'type': 'text'}",Unclassified,2026-05-22,0,0,0,https://www.facebook.com/SMEMediaNews,0.0,0.0,0.0
211401750917,MW 4/24/26,Your MW Newsletter Is Here,"{'body': {'value': 'April 24, 2026 - Tariff Refunds, AMUG Announces Innovator Awardees\xa0'}, 'child_css': {}, 'css': {}, 'id': 'preview_text', 'label': 'Preview Text <span class=help-text>This will be used as the preview text that displays in some email clients</span>', 'name': 'preview_text', 'order': 0, 'smart_type': None, 'styles': {}, 'type': 'text'}",Newsletter,2026-04-24,33626,5574,476,https://www.facebook.com/SMEMediaNews,0.014155712841253791,0.16576458692678284,0.08539648367420165
211278067621,2026 Membership_Leadership Training #1,"{{ personalization_token('contact.firstname', ' ') }}, Ready for Your Next Leadership Step?","{'body': {'value': 'Register for our new Transitioning to Leadership course'}, 'child_css': {}, 'css': {}, 'id': 'preview_text', 'label': 'Preview Text <span class=help-text>This will be used as the preview text that displays in some email clients</span>', 'name': 'preview_text', 'order': 0, 'smart_type': None, 'styles': {}, 'type': 'text'}",Unclassified,2026-04-20,31487,2624,112,https://49073304.hs-sites.com/-temporary-slug-0401da48-224f-4c18-bc4c-03dffd1d395e,0.003557023533521771,0.08333597992822435,0.042682926829268296
211791402550,SMEEF Impact Report 2025_04272026,Real students. Real impact. See what we built in 2025.,"{'body': {'value': 'Our 2025 Impact Report is here.'}, 'child_css': {}, 'css': {}, 'id': 'preview_text', 'label': 'Preview Text <span class=help-text>This will be used as the preview text that displays in some email clients</span>', 'name': 'preview_text', 'order': 0, 'smart_type': None, 'styles': {}, 'type': 'text'}",Unclassified,2026-05-05,4278,420,31,https://49073304.hs-sites.com/-temporary-slug-c28424e9-34ed-4259-a840-f81b4afc2a76,0.007246376811594203,0.09817671809256662,0.07380952380952381
211864167766,MW 4/28/26 (Clone),Your MW Newsletter Is Here,"{'body': {'value': 'April 28, 2026 - Siemens Tech Expansion, Detroit Newlab Tour'}, 'child_css': {}, 'css': {}, 'id': 'preview_text', 'label': 'Preview Text <span class=help-text>This will be used as the preview text that displays in some email clients</span>', 'name': 'preview_text', 'order': 0, 'smart_type': None, 'styles': {}, 'type': 'text'}",Newsletter,2026-04-28,0,0,0,https://www.facebook.com/SMEMediaNews,0.0,0.0,0.0
211598306575,2026 Membership_SME Engage April 24,Register Now: SME Engagement Events,"{'body': {'value': ""See what's upcoming with SME membership engagement events""}, 'child_css': {}, 'css': {}, 'id': 'preview_text', 'label': 'Preview Text <span class=help-text>This will be used as the preview text that displays in some email clients</span>', 'name': 'preview_text', 'order': 0, 'smart_type': None, 'styles': {}, 'type': 'text'}",Unclassified,2026-04-23,7462,1644,129,https://49073304.hs-sites.com/register-now-sme-engagement-events-1776979635374,0.017287590458322167,0.2203162690967569,0.07846715328467153
211871797395,New email,,"{'body': {'value': ''}, 'child_css': {}, 'css': {}, 'id': 'preview_text', 'label': 'Preview Text <span class=help-text>This will be used as the preview text that displays in some email clients</span>', 'name': 'preview_text', 'order': 0, 'smart_type': None, 'styles': {}, 'type': 'text'}",Unclassified,2026-04-28,0,0,0,,0.0,0.0,0.0
211880714369,RAPID + TCT Passport Thank You,Thank You for Completing the Rapid + TCT Exhibitor Passport,"{'body': {'value': 'Explore new innovations with your free magazine subscription.'}, 'child_css': {}, 'css': {}, 'id': 'preview_text', 'label': 'Preview Text <span class=help-text>This will be used as the preview text that displays in some email clients</span>', 'name': 'preview_text', 'order': 0, 'smart_type': None, 'styles': {}, 'type': 'text'}",Unclassified,2026-04-29,91,43,13,https://49073304.hs-sites.com/-temporary-slug-280c872f-7a6a-48bf-8034-5c4b379ef965,0.14285714285714285,0.4725274725274725,0.3023255813953488
211871511045,CADDi May 13 Webinar Email #2,"{{ personalization_token('contact.firstname', 'Hi,') }}, check out this upcoming SME Media webinar!","{'body': {'value': 'Register now to secure your spot and walk away with a practical roadmap you can put to work right away.'}, 'child_css': {}, 'css': {}, 'id': 'preview_text', 'label': 'Preview Text <span class=help-text>This will be used as the preview text that displays in some email clients</span>', 'name': 'preview_text', 'order': 0, 'smart_type': None, 'styles': {}, 'type': 'text'}",Unclassified,2026-04-28,11374,1750,198,https://49073304.hs-sites.com/personalization_tokencontact.firstname-hi-check-out-this-upcoming-informative-webinar,0.017408123791102514,0.15385967997186567,0.11314285714285714
211885705132,2026 Membership_Chapter Tuesday April #1,In 30 Mins: Maximizing SME Member Value,"{'body': {'value': 'Join us live for tools, strategies, and resources to help your chapter members get the most from their SME membership.'}, 'child_css': {}, 'css': {}, 'id': 'preview_text', 'label': 'Preview Text <span class=help-text>This will be used as the preview text that displays in some email clients</span>', 'name': 'preview_text', 'order': 0, 'smart_type': None, 'styles': {}, 'type': 'text'}",Unclassified,2026-04-28,388,168,8,https://49073304.hs-sites.com/-temporary-slug-44510338-92ab-469d-bdea-bdc5d8e5f6e3,0.020618556701030927,0.4329896907216495,0.047619047619047616
211791298992,MW 5/1/26,Your MW Newsletter Is Here,"{'body': {'value': 'May 1, 2026 - John Deere Breaks the Mold, DoD Requests Rebrand'}, 'child_css': {}, 'css': {}, 'id': 'preview_text', 'label': 'Preview Text <span class=help-text>This will be used as the preview text that displays in some email clients</span>', 'name': 'preview_text', 'order': 0, 'smart_type': None, 'styles': {}, 'type': 'text'}",Newsletter,2026-05-01,38162,4095,342,https://www.facebook.com/SMEMediaNews,0.008961794455217232,0.10730569676641685,0.08351648351648351
211945888867,MMTS 2026 - AT 13 - CAN (FR),"{{ personalization_token('contact.firstname', ' ') }} Jour 2 du STFM 2026 : transformez les idées en action","{'body': {'value': '12 mai – Adoption de l’IA, mise en place et applications pratiques'}, 'child_css': {}, 'css': {}, 'id': 'preview_text', 'label': 'Preview Text <span class=help-text>This will be used as the preview text that displays in some email clients</span>', 'name': 'preview_text', 'order': 0, 'smart_type': None, 'styles': {}, 'type': 'text'}",Unclassified,2026-04-30,1797,1105,48,https://www.facebook.com/MMTSevent,0.02671118530884808,0.6149137451307735,0.04343891402714932
211665301057,MW 4/28/26,Your MW Newsletter Is Here,"{'body': {'value': 'April 28, 2026 - Siemens Tech Expansion, Detroit Newlab Tour'}, 'child_css': {}, 'css': {}, 'id': 'preview_text', 'label': 'Preview Text <span class=help-text>This will be used as the preview text that displays in some email clients</span>', 'name': 'preview_text', 'order': 0, 'smart_type': None, 'styles': {}, 'type': 'text'}",Newsletter,2026-04-28,38235,3791,393,https://www.facebook.com/SMEMediaNews,0.010278540604158493,0.09914999346148816,0.10366657873911897
211958409642,Ericsson Email 2,By Invitation Only: Ericsson Session at MMTS 2026,"{'body': {'value': 'Private, closed-door discussion on 5G and Industry 4.0. Limited seats.'}, 'child_css': {}, 'css': {}, 'id': 'preview_text', 'label': 'Preview Text <span class=help-text>This will be used as the preview text that displays in some email clients</span>', 'name': 'preview_text', 'order': 0, 'smart_type': None, 'styles': {}, 'type': 'text'}",Unclassified,2026-04-29,179,190,15,https://49073304.hs-sites.com/-temporary-slug-fd829dd9-194e-4f96-a7e4-919b744c06c8,0.08379888268156424,1.0614525139664805,0.07894736842105263
211945925023,Renewal Campaign Email 1,Stay Ahead in Manufacturing — Renew Your Free Subscription,"{'body': {'value': ""Don't miss out on industry-driven strategies and innovation.""}, 'child_css': {}, 'css': {}, 'id': 'preview_text', 'label': 'Preview Text <span class=help-text>This will be used as the preview text that displays in some email clients</span>', 'name': 'preview_text', 'order': 0, 'smart_type': None, 'styles': {}, 'type': 'text'}",Unclassified,2026-05-04,2938,222,5,https://49073304.hs-sites.com/-temporary-slug-39e78ac9-5e53-4957-b0bb-7eb2baa9789b,0.0017018379850238256,0.07556160653505786,0.02252252252252252
211942659612,TDK SensEI May 14 Webinar,"{{ personalization_token('contact.firstname', 'Hi,') }}, we think you'll enjoy our upcoming webinar","{'body': {'value': 'In this webinar, Sundeep introduces edgeRX Vision—designed to deliver fast, accurate quality control directly on the production line.'}, 'child_css': {}, 'css': {}, 'id': 'preview_text', 'label': 'Preview Text <span class=help-text>This will be used as the preview text that displays in some email clients</span>', 'name': 'preview_text', 'order': 0, 'smart_type': None, 'styles': {}, 'type': 'text'}",Unclassified,2026-04-29,11423,1526,126,https://49073304.hs-sites.com/personalization_tokencontact.firstname-hi-check-out-this-upcoming-sme-media-webinar,0.011030377308938107,0.1335901251860282,0.08256880733944955
212021802300,MW 5/5/2026,Your MW Newsletter Is Here,"{'body': {'value': 'May 5, 2026 - The BioManufacturing Gap, New Tarrifs Readied'}, 'child_css': {}, 'css': {}, 'id': 'preview_text', 'label': 'Preview Text <span class=help-text>This will be used as the preview text that displays in some email clients</span>', 'name': 'preview_text', 'order': 0, 'smart_type': None, 'styles': {}, 'type': 'text'}",Unclassified,2026-05-05,0,0,0,https://www.facebook.com/SMEMediaNews,0.0,0.0,0.0
212029468682,DKIM Test Email,This is only a test email,"{'body': {'value': 'Test email'}, 'child_css': {}, 'css': {}, 'id': 'preview_text', 'label': 'Preview Text <span class=help-text>This will be used as the preview text that displays in some email clients</span>', 'name': 'preview_text', 'order': 0, 'smart_type': None, 'styles': {}, 'type': 'text'}",Unclassified,2026-04-30,1,0,0,https://49073304.hs-sites.com/-temporary-slug-6a75e56a-ae7a-458c-9821-763a0f1ddfb0,0.0,0.0,0.0
212034245972,New email,,"{'body': {'value': ''}, 'child_css': {}, 'css': {}, 'id': 'preview_text', 'label': 'Preview Text <span class=help-text>This will be used as the preview text that displays in some email clients</span>', 'name': 'preview_text', 'order': 0, 'smart_type': None, 'styles': {}, 'type': 'text'}",Unclassified,2026-04-30,0,0,0,,0.0,0.0,0.0
212008423989,Boast May 21 Webinar,"{{ personalization_token('contact.firstname', 'Hi,') }}, we think you'll enjoy our upcoming webinar!","{'body': {'value': 'Learn how to claim U.S. R&D tax credits as a manufacturer.\xa0'}, 'child_css': {}, 'css': {}, 'id': 'preview_text', 'label': 'Preview Text <span class=help-text>This will be used as the preview text that displays in some email clients</span>', 'name': 'preview_text', 'order': 0, 'smart_type': None, 'styles': {}, 'type': 'text'}",Unclassified,2026-04-30,8068,1487,84,https://49073304.hs-sites.com/personalization_tokencontact.firstname-hi-we-think-youll-enjoy-our-upcoming-webinar,0.010411502231036193,0.18430837878036688,0.05648957632817754
212080790383,Boast Apr 23 Custom Email 2nd Send,ICYMI: Most manufacturers qualify for the R&D tax credit. Most don't claim it all.,"{'body': {'value': 'Ready to Find Out What You Qualify For?'}, 'child_css': {}, 'css': {}, 'id': 'preview_text', 'label': 'Preview Text <span class=help-text>This will be used as the preview text that displays in some email clients</span>', 'name': 'preview_text', 'order': 0, 'smart_type': None, 'styles': {}, 'type': 'text'}",Advertising,2026-05-01,10214,253,12,https://49073304.hs-sites.com/-temporary-slug-f6d984f6-e923-445d-8844-3e2d29f3e0cf,0.0011748580379870766,0.02476992363422753,0.04743083003952569
211895768199,2026 Membership_Spotlight Series May #1,🚀 Your Shop Floor Has More Power Than You Think,"{'body': {'value': 'Join a free webinar on May 6'}, 'child_css': {}, 'css': {}, 'id': 'preview_text', 'label': 'Preview Text <span class=help-text>This will be used as the preview text that displays in some email clients</span>', 'name': 'preview_text', 'order': 0, 'smart_type': None, 'styles': {}, 'type': 'text'}",Unclassified,2026-04-29,36989,3125,178,https://49073304.hs-sites.com/-temporary-slug-6437e30b-386e-484e-a9a7-b56655581703,0.0048122414771959235,0.08448457649571495,0.05696
212105396365,Digital MET Notification May,Manufacturing Engineering and Technology is LIVE!,"{'body': {'value': 'Our May 2026 issue is dedicated to smart tech'}, 'child_css': {}, 'css': {}, 'id': 'preview_text', 'label': 'Preview Text <span class=help-text>This will be used as the preview text that displays in some email clients</span>', 'name': 'preview_text', 'order': 0, 'smart_type': None, 'styles': {}, 'type': 'text'}",Unclassified,2026-05-04,16361,1641,121,https://49073304.hs-sites.com/-temporary-slug-de681349-2652-4c77-8e1d-f89b548fd3b6,0.007395635963571909,0.10029949269604548,0.07373552711761121
212113640219,2026 Membership_Spotlight Series April Post-Event Email,"Your Replay of ""Building a Repeatable Success Engine"" is Now Available","{'body': {'value': 'Watch the replay now'}, 'child_css': {}, 'css': {}, 'id': 'preview_text', 'label': 'Preview Text <span class=help-text>This will be used as the preview text that displays in some email clients</span>', 'name': 'preview_text', 'order': 0, 'smart_type': None, 'styles': {}, 'type': 'text'}",Unclassified,2026-05-02,27,33,4,https://49073304.hs-sites.com/-temporary-slug-25a2282a-76c5-4ed5-817a-16ffaa5236ba,0.14814814814814814,1.2222222222222223,0.12121212121212122
212218252143,DKIM Test Email 2,This is only a test email,"{'body': {'value': 'Test email'}, 'child_css': {}, 'css': {}, 'id': 'preview_text', 'label': 'Preview Text <span class=help-text>This will be used as the preview text that displays in some email clients</span>', 'name': 'preview_text', 'order': 0, 'smart_type': None, 'styles': {}, 'type': 'text'}",Unclassified,2026-05-04,2,0,0,https://49073304.hs-sites.com/-temporary-slug-86d17165-6202-4671-86a2-d2d69d5a481e,0.0,0.0,0.0
212105465469,2026 Membership_MMTS Member Day #2,Grab Your Spot: SME Member Day at MMTS is Filling Up,"{'body': {'value': 'Free for SME members: curated keynotes, complimentary lunch, and limited spots. Register today.'}, 'child_css': {}, 'css': {}, 'id': 'preview_text', 'label': 'Preview Text <span class=help-text>This will be used as the preview text that displays in some email clients</span>', 'name': 'preview_text', 'order': 0, 'smart_type': None, 'styles': {}, 'type': 'text'}",Unclassified,2026-05-02,2003,684,44,https://49073304.hs-sites.com/-temporary-slug-1afc9508-76a6-41cd-bdf3-812cd7d5d768,0.02196704942586121,0.3414877683474788,0.06432748538011696
211977627496,2026 Membership_SME Engage May 1,Register Now: SME Engagement Events,"{'body': {'value': ""See what's upcoming with SME membership engagement events""}, 'child_css': {}, 'css': {}, 'id': 'preview_text', 'label': 'Preview Text <span class=help-text>This will be used as the preview text that displays in some email clients</span>', 'name': 'preview_text', 'order': 0, 'smart_type': None, 'styles': {}, 'type': 'text'}",Unclassified,2026-04-30,7444,1445,120,https://49073304.hs-sites.com/register-now-sme-engagement-events-1777587604641,0.016120365394948953,0.19411606663084363,0.08304498269896193
212302129478,TDK SensEI May 14 Webinar Email #2,ICYMI: We think you'll enjoy our upcoming webinar,"{'body': {'value': 'In this webinar, Sundeep introduces edgeRX Vision—designed to deliver fast, accurate quality control directly on the production line.'}, 'child_css': {}, 'css': {}, 'id': 'preview_text', 'label': 'Preview Text <span class=help-text>This will be used as the preview text that displays in some email clients</span>', 'name': 'preview_text', 'order': 0, 'smart_type': None, 'styles': {}, 'type': 'text'}",Unclassified,2026-05-05,5007,943,20,https://49073304.hs-sites.com/personalization_tokencontact.firstname-hi-we-think-youll-enjoy-our-upcoming-webinar-1,0.003994407829039345,0.18833632913920512,0.021208907741251327
212305809163,August MET Targeted Audience,Get more from SME’s manufacturing audience,"{'body': {'value': ""Maximize marketing impact with SME's Targeted Audience Builder.""}, 'child_css': {}, 'css': {}, 'id': 'preview_text', 'label': 'Preview Text <span class=help-text>This will be used as the preview text that displays in some email clients</span>', 'name': 'preview_text', 'order': 0, 'smart_type': None, 'styles': {}, 'type': 'text'}",Unclassified,2026-05-06,9959,796,24,https://49073304.hs-sites.com/-temporary-slug-b5bca7cc-d4ea-44a4-9e5d-d481e4bada36,0.0024098805100913746,0.07992770358469727,0.03015075376884422
212302183559,5/5/26 Actual,Your MW Newsletter Is Here,"{'body': {'value': 'May 5, 2026 - The BioManufacturing Gap, New Tarrifs Readied'}, 'child_css': {}, 'css': {}, 'id': 'preview_text', 'label': 'Preview Text <span class=help-text>This will be used as the preview text that displays in some email clients</span>', 'name': 'preview_text', 'order': 0, 'smart_type': None, 'styles': {}, 'type': 'text'}",Unclassified,2026-05-05,38152,2087,215,https://www.facebook.com/SMEMediaNews,0.005635353323547913,0.054702243656951144,0.1030186871106852
212365334391,2026 Membership_Spotlight Series May #3,Today: How Real-Time Data Turns Your Shop Into a Competitive Machine,"{'body': {'value': 'Join a free webinar at 2 p.m. ET'}, 'child_css': {}, 'css': {}, 'id': 'preview_text', 'label': 'Preview Text <span class=help-text>This will be used as the preview text that displays in some email clients</span>', 'name': 'preview_text', 'order': 0, 'smart_type': None, 'styles': {}, 'type': 'text'}",Unclassified,2026-05-06,3784,2553,109,https://49073304.hs-sites.com/-temporary-slug-d4f65c6a-c845-4dac-84fb-7df0d79e88d9,0.028805496828752643,0.6746828752642706,0.0426948687818253
212374080605,Digital MET Notification May (New Subscribers),Manufacturing Engineering and Technology is LIVE!,"{'body': {'value': 'Our May 2026 issue is dedicated to smart tech'}, 'child_css': {}, 'css': {}, 'id': 'preview_text', 'label': 'Preview Text <span class=help-text>This will be used as the preview text that displays in some email clients</span>', 'name': 'preview_text', 'order': 0, 'smart_type': None, 'styles': {}, 'type': 'text'}",Unclassified,2026-05-06,371,182,17,https://49073304.hs-sites.com/-temporary-slug-5a5ce55c-3ba0-4fbc-b4f3-7128cc25d7e6,0.04582210242587601,0.49056603773584906,0.09340659340659341
212381750839,MW 5/8/26,Your Manufacturing Weekly Newsletter Is Here,"{'body': {'value': 'AI Firms Gain Pentagon Access, Auto Tariffs Rise'}, 'child_css': {}, 'css': {}, 'id': 'preview_text', 'label': 'Preview Text <span class=help-text>This will be used as the preview text that displays in some email clients</span>', 'name': 'preview_text', 'order': 0, 'smart_type': None, 'styles': {}, 'type': 'text'}",Newsletter,2026-05-08,3969,1396,60,https://www.facebook.com/SMEMediaNews,0.015117157974300832,0.35172587553539936,0.04297994269340974
212367842714,Iscar May 20 Webinar Email #2,"{{ personalization_token('contact.firstname', 'Hi,') }}, there's still time to register for this informative webinar!","{'body': {'value': 'Don’t miss this opportunity to enhance your machining operations!'}, 'child_css': {}, 'css': {}, 'id': 'preview_text', 'label': 'Preview Text <span class=help-text>This will be used as the preview text that displays in some email clients</span>', 'name': 'preview_text', 'order': 0, 'smart_type': None, 'styles': {}, 'type': 'text'}",Unclassified,2026-05-06,9191,3036,70,https://49073304.hs-sites.com/-temporary-slug-0488334e-349d-41e4-9f2a-0458dd4fdb5e,0.007616146230007616,0.33032314220433034,0.0230566534914361
212309801898,MW 5/8/26,"{{ personalization_token('contact.firstname', 'Good Morning') }}, Your MW Newsletter Is Here!","{'body': {'value': 'AI Firms Gain Pentagon Access, Auto Tariffs Rise'}, 'child_css': {}, 'css': {}, 'id': 'preview_text', 'label': 'Preview Text <span class=help-text>This will be used as the preview text that displays in some email clients</span>', 'name': 'preview_text', 'order': 0, 'smart_type': None, 'styles': {}, 'type': 'text'}",Newsletter,2026-05-08,15843,5024,176,https://www.facebook.com/SMEMediaNews,0.011109007132487534,0.31711165814555325,0.03503184713375796
212105467197,2026 Membership_Spotlight Series May #2,What if your data worked harder than your team?,"{'body': {'value': 'Join a free webinar on May 6'}, 'child_css': {}, 'css': {}, 'id': 'preview_text', 'label': 'Preview Text <span class=help-text>This will be used as the preview text that displays in some email clients</span>', 'name': 'preview_text', 'order': 0, 'smart_type': None, 'styles': {}, 'type': 'text'}",Unclassified,2026-05-02,36609,2706,144,https://49073304.hs-sites.com/-temporary-slug-ecd9dc5a-f68c-49c5-8e3a-1e5b1c650827,0.00393345898549537,0.07391625010243383,0.05321507760532151
212381955757,MMTS 2026 - AT 16 - CAN (EN),"{{ personalization_token('contact.firstname', ' ') }} This Is Your Last Chance to Register Free","{'body': {'value': 'Two focused days. Thousands of manufacturing professionals. One chance before registration becomes paid.'}, 'child_css': {}, 'css': {}, 'id': 'preview_text', 'label': 'Preview Text <span class=help-text>This will be used as the preview text that displays in some email clients</span>', 'name': 'preview_text', 'order': 0, 'smart_type': None, 'styles': {}, 'type': 'text'}",Unclassified,2026-05-07,2064,796,25,https://www.facebook.com/MMTSevent,0.012112403100775194,0.3856589147286822,0.031407035175879394
212382082187,MMTS 2026 - AT 15 - CAN (EN),"{{ personalization_token('contact.firstname', ' ') }} AI Is Already Changing Manufacturing. See It at MMTS 2026.","{'body': {'value': 'Explore AI-focused sessions, the NGen Innovation Pavilion, and smart manufacturing technologies in action.'}, 'child_css': {}, 'css': {}, 'id': 'preview_text', 'label': 'Preview Text <span class=help-text>This will be used as the preview text that displays in some email clients</span>', 'name': 'preview_text', 'order': 0, 'smart_type': None, 'styles': {}, 'type': 'text'}",Unclassified,2026-05-07,2109,927,22,https://www.facebook.com/MMTSevent,0.010431484115694643,0.4395448079658606,0.023732470334412083
212390697731,MMTS 2026 - AT 14 - CAN (EN),"{{ personalization_token('contact.firstname', ' ') }} Plan Your MMTS Visit Now","{'body': {'value': 'Plan smarter. Network faster. Navigate easier.'}, 'child_css': {}, 'css': {}, 'id': 'preview_text', 'label': 'Preview Text <span class=help-text>This will be used as the preview text that displays in some email clients</span>', 'name': 'preview_text', 'order': 0, 'smart_type': None, 'styles': {}, 'type': 'text'}",Unclassified,2026-05-06,2141,1006,53,https://www.facebook.com/MMTSevent,0.02475478748248482,0.4698738907052779,0.05268389662027833
212391190318,2026 Membership_Chapter Officers Connection May,News You Can Use: SME Chapter Officers Connection,"{'body': {'value': ''}, 'child_css': {}, 'css': {}, 'id': 'preview_text', 'label': 'Preview Text <span class=help-text>This will be used as the preview text that displays in some email clients</span>', 'name': 'preview_text', 'order': 0, 'smart_type': None, 'styles': {}, 'type': 'text'}",Unclassified,2026-05-12,396,241,7,https://49073304.hs-sites.com/register-now-sme-engagement-events-1778601559615-2,0.017676767676767676,0.6085858585858586,0.029045643153526972
212381953671,2026 Membership_Spotlight Series May #4,In 30 Mins: See How Shops Use Live Data to Cut Costs and Hit Deadlines ,"{'body': {'value': 'Join a free webinar at 2 p.m. ET'}, 'child_css': {}, 'css': {}, 'id': 'preview_text', 'label': 'Preview Text <span class=help-text>This will be used as the preview text that displays in some email clients</span>', 'name': 'preview_text', 'order': 0, 'smart_type': None, 'styles': {}, 'type': 'text'}",Unclassified,2026-05-06,7994,2532,101,https://49073304.hs-sites.com/-temporary-slug-999d10e8-8eb3-40a4-8aee-2e5ec52ec957,0.012634475856892669,0.3167375531648737,0.039889415481832544
212390920493,2026 Membership_MMTS Member Day #3,Last Call: SME Member Day at MMTS is Filling Up,"{'body': {'value': 'Free for SME members: curated keynotes, complimentary lunch, and limited spots. Register today.'}, 'child_css': {}, 'css': {}, 'id': 'preview_text', 'label': 'Preview Text <span class=help-text>This will be used as the preview text that displays in some email clients</span>', 'name': 'preview_text', 'order': 0, 'smart_type': None, 'styles': {}, 'type': 'text'}",Unclassified,2026-05-06,2008,639,24,https://49073304.hs-sites.com/-temporary-slug-e446a8b3-e7fc-4443-8e23-3ffa50b1f1a0,0.01195219123505976,0.31822709163346613,0.03755868544600939
212446069937,2026 Membership_SME Engage May 8,Register Now: SME Engagement Events,"{'body': {'value': ""See what's upcoming with SME membership engagement events""}, 'child_css': {}, 'css': {}, 'id': 'preview_text', 'label': 'Preview Text <span class=help-text>This will be used as the preview text that displays in some email clients</span>', 'name': 'preview_text', 'order': 0, 'styles': {}, 'type': 'text'}",Unclassified,2026-05-07,0,0,0,https://49073304.hs-sites.com/register-now-sme-engagement-events-1778192612607,0.0,0.0,0.0
212391531297,MMTS 2026 - AT 14 - CAN (FR),"{{ personalization_token('contact.firstname', ' ') }} planifiez votre visite du STFM maintenant","{'body': {'value': 'Planifiez pour mieux réseauter et vous repérer rapidement.\xa0'}, 'child_css': {}, 'css': {}, 'id': 'preview_text', 'label': 'Preview Text <span class=help-text>This will be used as the preview text that displays in some email clients</span>', 'name': 'preview_text', 'order': 0, 'smart_type': None, 'styles': {}, 'type': 'text'}",Unclassified,2026-05-06,1849,1447,180,https://www.facebook.com/MMTSevent,0.09734991887506761,0.7825851811790157,0.1243953006219765
212470325123,MMTS 2026 - AT 15 - CAN (FR),"{{ personalization_token('contact.firstname', ' ') }} l’IA transforme déjà la fabrication. Voyez comment au STFM 2026.","{'body': {'value': 'Explorez les séances sur l’IA, le Pavillon de l’innovation NGen et la fabrication intelligente en action.'}, 'child_css': {}, 'css': {}, 'id': 'preview_text', 'label': 'Preview Text <span class=help-text>This will be used as the preview text that displays in some email clients</span>', 'name': 'preview_text', 'order': 0, 'smart_type': None, 'styles': {}, 'type': 'text'}",Unclassified,2026-05-07,1841,965,63,https://www.facebook.com/MMTSevent,0.034220532319391636,0.5241716458446496,0.06528497409326425
212470441043,MMTS 2026 - AT 16 - CAN (FR),"{{ personalization_token('contact.firstname', ' ') }} c’est votre dernière chance de vous inscrire gratuitement","{'body': {'value': '2 journées intensives. Des milliers de professionnels. Une dernière chance d’en profiter gratuitement.'}, 'child_css': {}, 'css': {}, 'id': 'preview_text', 'label': 'Preview Text <span class=help-text>This will be used as the preview text that displays in some email clients</span>', 'name': 'preview_text', 'order': 0, 'smart_type': None, 'styles': {}, 'type': 'text'}",Unclassified,2026-05-07,1824,1014,65,https://www.facebook.com/MMTSevent,0.0356359649122807,0.555921052631579,0.0641025641025641
212461190474,Webinar Series June 2 2026,See how Digital Twins and AI are changing real-time manufacturing decisions - Webinar,"{'body': {'value': ''}, 'child_css': {}, 'css': {}, 'id': 'preview_text', 'label': 'Preview Text <span class=help-text>This will be used as the preview text that displays in some email clients</span>', 'name': 'preview_text', 'order': 0, 'smart_type': None, 'styles': {}, 'type': 'text'}",Unclassified,2026-05-08,13354,3696,191,https://49073304.hs-sites.com/-temporary-slug-5ce03f46-2c42-4208-94cb-89996beb011c,0.014302830612550547,0.27677100494233936,0.051677489177489176
212480306452,2026 Membership_MES May Post-Event Email,"Your Replay of ""Design Prototyping from Concept to Production"" is Now Available","{'body': {'value': 'Watch the replay now'}, 'child_css': {}, 'css': {}, 'id': 'preview_text', 'label': 'Preview Text <span class=help-text>This will be used as the preview text that displays in some email clients</span>', 'name': 'preview_text', 'order': 0, 'smart_type': None, 'styles': {}, 'type': 'text'}",Unclassified,2026-05-21,109,188,27,https://49073304.hs-sites.com/-temporary-slug-a7b9aeb5-b8ca-4f08-9d5a-0e0f0128675a,0.24770642201834864,1.724770642201835,0.14361702127659576
212499958064,New email,,"{'body': {'value': ''}, 'child_css': {}, 'css': {}, 'id': 'preview_text', 'label': 'Preview Text <span class=help-text>This will be used as the preview text that displays in some email clients</span>', 'name': 'preview_text', 'order': 0, 'smart_type': None, 'styles': {}, 'type': 'text'}",Unclassified,2026-05-08,0,0,0,,0.0,0.0,0.0
212526397848,MMTS 2026 - AT 16.5 - CAN (FR),"{{ personalization_token('contact.firstname', ' ') }} c’est votre dernière chance de vous inscrire gratuitement","{'body': {'value': '2 journées intensives. Des milliers de professionnels. Une dernière chance d’en profiter gratuitement.'}, 'child_css': {}, 'css': {}, 'id': 'preview_text', 'label': 'Preview Text <span class=help-text>This will be used as the preview text that displays in some email clients</span>', 'name': 'preview_text', 'order': 0, 'smart_type': None, 'styles': {}, 'type': 'text'}",Unclassified,2026-05-08,1795,1017,72,https://www.facebook.com/MMTSevent,0.04011142061281337,0.5665738161559889,0.07079646017699115
212526397857,MMTS 2026 - AT 16.5 - CAN (EN),"{{ personalization_token('contact.firstname', ' ') }} This Is Your Last Chance to Register Free","{'body': {'value': 'Two focused days. Thousands of manufacturing professionals. One chance before registration becomes paid.'}, 'child_css': {}, 'css': {}, 'id': 'preview_text', 'label': 'Preview Text <span class=help-text>This will be used as the preview text that displays in some email clients</span>', 'name': 'preview_text', 'order': 0, 'smart_type': None, 'styles': {}, 'type': 'text'}",Unclassified,2026-05-08,1984,905,26,https://www.facebook.com/MMTSevent,0.01310483870967742,0.4561491935483871,0.028729281767955802
212534233120,2026 Membership_MMTS Member Day KBYG #1,Know Before You Go: SME Member Day at MMTS,"{'body': {'value': 'Introducing SME Member Day: a FREE curated experience just for members at MMTS'}, 'child_css': {}, 'css': {}, 'id': 'preview_text', 'label': 'Preview Text <span class=help-text>This will be used as the preview text that displays in some email clients</span>', 'name': 'preview_text', 'order': 0, 'smart_type': None, 'styles': {}, 'type': 'text'}",Unclassified,2026-05-08,11,17,3,https://49073304.hs-sites.com/-temporary-slug-38fb9943-49bd-4cd4-8e9a-bd6d2eb1093e,0.2727272727272727,1.5454545454545454,0.17647058823529413
212470663961,2026 Membership_SME Engage May 8 (Clone),Register Now: SME Engagement Events,"{'body': {'value': ""See what's upcoming with SME membership engagement events""}, 'child_css': {}, 'css': {}, 'id': 'preview_text', 'label': 'Preview Text <span class=help-text>This will be used as the preview text that displays in some email clients</span>', 'name': 'preview_text', 'order': 0, 'smart_type': None, 'styles': {}, 'type': 'text'}",Unclassified,2026-05-07,7372,2074,122,https://49073304.hs-sites.com/register-now-sme-engagement-events-17781941575023,0.016549104720564298,0.2813347802495931,0.058823529411764705
212480225369,2026 Membership_SME Engage May 15,Register Now: SME Engagement Events,"{'body': {'value': ""See what's upcoming with SME membership engagement events""}, 'child_css': {}, 'css': {}, 'id': 'preview_text', 'label': 'Preview Text <span class=help-text>This will be used as the preview text that displays in some email clients</span>', 'name': 'preview_text', 'order': 0, 'smart_type': None, 'styles': {}, 'type': 'text'}",Unclassified,2026-05-12,7334,1245,64,https://49073304.hs-sites.com/register-now-sme-engagement-events-1778607362816,0.00872647941096264,0.1697572947913826,0.05140562248995984
212534572846,2026 Membership_MMTS Member Day KBYG #1 (Clone),Know Before You Go: SME Member Day at MMTS,"{'body': {'value': 'Introducing SME Member Day: a FREE curated experience just for members at MMTS'}, 'child_css': {}, 'css': {}, 'id': 'preview_text', 'label': 'Preview Text <span class=help-text>This will be used as the preview text that displays in some email clients</span>', 'name': 'preview_text', 'order': 0, 'smart_type': None, 'styles': {}, 'type': 'text'}",Unclassified,2026-05-08,11,12,3,https://49073304.hs-sites.com/-temporary-slug-15dc87c2-df52-424d-9803-76d838fd137c,0.2727272727272727,1.0909090909090908,0.25
212547361457,2026 Membership_MES #2a,The Reason Great Ideas Don't Make It to Production (And How to Fix It),"{'body': {'value': 'Join us on May 20 for a webinar'}, 'child_css': {}, 'css': {}, 'id': 'preview_text', 'label': 'Preview Text <span class=help-text>This will be used as the preview text that displays in some email clients</span>', 'name': 'preview_text', 'order': 0, 'smart_type': None, 'styles': {}, 'type': 'text'}",Unclassified,2026-05-10,83274,5900,113,https://49073304.hs-sites.com/-temporary-slug-61a75cda-3809-4f57-b98c-667603e1409b,0.001356966159905853,0.07085044551720825,0.019152542372881356
212547367432,2026 Membership_MES #3a,Inside the Prototyping Strategies Behind Real-World Manufacturing Success ,"{'body': {'value': 'Join us on May 20 for a webinar'}, 'child_css': {}, 'css': {}, 'id': 'preview_text', 'label': 'Preview Text <span class=help-text>This will be used as the preview text that displays in some email clients</span>', 'name': 'preview_text', 'order': 0, 'smart_type': None, 'styles': {}, 'type': 'text'}",Unclassified,2026-05-11,5962,3903,61,https://49073304.hs-sites.com/-temporary-slug-16f7ee67-032b-43b9-99b3-226f6aa29b94,0.010231465951023146,0.6546460919154646,0.0156290033307712
212480271973,2026 Membership_SME Engage May 22,Register Now: SME Engagement Events,"{'body': {'value': ""See what's upcoming with SME membership engagement events""}, 'child_css': {}, 'css': {}, 'id': 'preview_text', 'label': 'Preview Text <span class=help-text>This will be used as the preview text that displays in some email clients</span>', 'name': 'preview_text', 'order': 0, 'smart_type': None, 'styles': {}, 'type': 'text'}",Unclassified,2026-05-12,7272,1393,98,https://49073304.hs-sites.com/register-now-sme-engagement-events-1778610045351,0.013476347634763476,0.19155665566556657,0.07035175879396985
212547368861,2026 Membership_MES #2b,The Prototyping Strategies Top Engineers Swear By ,"{'body': {'value': 'Join us on May 20 for a webinar'}, 'child_css': {}, 'css': {}, 'id': 'preview_text', 'label': 'Preview Text <span class=help-text>This will be used as the preview text that displays in some email clients</span>', 'name': 'preview_text', 'order': 0, 'smart_type': None, 'styles': {}, 'type': 'text'}",Unclassified,2026-05-10,77453,2308,88,https://49073304.hs-sites.com/-temporary-slug-1f0f6fa6-4719-4238-be60-8a8aa085f524,0.0011361729048584303,0.02979871664105974,0.038128249566724434
212547374103,2026 Membership_MES #4a,Tomorrow at 2 p.m.: The Prototyping Session You Don't Want to Miss,"{'body': {'value': 'Join us on May 20 for a webinar'}, 'child_css': {}, 'css': {}, 'id': 'preview_text', 'label': 'Preview Text <span class=help-text>This will be used as the preview text that displays in some email clients</span>', 'name': 'preview_text', 'order': 0, 'smart_type': None, 'styles': {}, 'type': 'text'}",Unclassified,2026-05-11,6045,3343,88,https://49073304.hs-sites.com/-temporary-slug-8fe00f85-6c4f-4707-a5a6-c58392ae1504,0.01455748552522746,0.553019023986766,0.026323661381992224
212551647795,2026 Membership_MES #1,The Prototyping Strategies Top Engineers Swear By ,"{'body': {'value': 'Join us on May 20 for a webinar'}, 'child_css': {}, 'css': {}, 'id': 'preview_text', 'label': 'Preview Text <span class=help-text>This will be used as the preview text that displays in some email clients</span>', 'name': 'preview_text', 'order': 0, 'smart_type': None, 'styles': {}, 'type': 'text'}",Unclassified,2026-05-10,83791,6304,166,https://49073304.hs-sites.com/-temporary-slug-bafa5bd9-521c-49a5-a28c-88e7c0461225,0.001981119690658901,0.07523481042116695,0.02633248730964467
212551663170,2026 Membership_MES #3b,Inside the Prototyping Strategies Behind Real-World Manufacturing Success ,"{'body': {'value': 'Join us on May 20 for a webinar'}, 'child_css': {}, 'css': {}, 'id': 'preview_text', 'label': 'Preview Text <span class=help-text>This will be used as the preview text that displays in some email clients</span>', 'name': 'preview_text', 'order': 0, 'smart_type': None, 'styles': {}, 'type': 'text'}",Unclassified,2026-05-11,0,0,0,https://49073304.hs-sites.com/-temporary-slug-5fc422c6-fc27-4597-a755-bd37371bb27f,0.0,0.0,0.0
212551593274,Partner Email - 3D Printing Canada,Reduce Lead Times & Bring Production In-House – See How at MMTS,"{'body': {'value': ''}, 'child_css': {}, 'css': {}, 'id': 'preview_text', 'label': 'Preview Text <span class=help-text>This will be used as the preview text that displays in some email clients</span>', 'name': 'preview_text', 'order': 0, 'smart_type': None, 'styles': {}, 'type': 'text'}",Unclassified,2026-05-10,3601,1537,46,https://49073304.hs-sites.com/-temporary-slug-21a54fc7-0be8-4788-a7e4-a340693ae5e3,0.012774229380727576,0.4268258816995279,0.02992843201040989
212547374208,2026 Membership_MES #5,In 30 Mins: The Prototyping Session You Don't Want to Miss,"{'body': {'value': 'Join us at 2 p.m. ET'}, 'child_css': {}, 'css': {}, 'id': 'preview_text', 'label': 'Preview Text <span class=help-text>This will be used as the preview text that displays in some email clients</span>', 'name': 'preview_text', 'order': 0, 'smart_type': None, 'styles': {}, 'type': 'text'}",Unclassified,2026-05-11,5392,1146,81,https://49073304.hs-sites.com/-temporary-slug-ea426b5c-e706-467d-b079-b5976ee9a6db,0.015022255192878338,0.21253709198813056,0.07068062827225131
212627075219,MMTS 2026 - AT 17 - CAN (EN),"{{ personalization_token('contact.firstname', ' ') }} MMTS 2026 Opens Today","{'body': {'value': 'Quebec manufacturing is gathering right now at the Palais des congrès de Montréal.'}, 'child_css': {}, 'css': {}, 'id': 'preview_text', 'label': 'Preview Text <span class=help-text>This will be used as the preview text that displays in some email clients</span>', 'name': 'preview_text', 'order': 0, 'smart_type': None, 'styles': {}, 'type': 'text'}",Unclassified,2026-05-11,1802,782,22,https://www.facebook.com/MMTSevent,0.01220865704772475,0.4339622641509434,0.028132992327365727
212534567851,MW 5/12/26,Your MW Newsletter Is Here,"{'body': {'value': 'May 12, 2026 - Developments in Press Brakes, Tariffs Ruled Illegal'}, 'child_css': {}, 'css': {}, 'id': 'preview_text', 'label': 'Preview Text <span class=help-text>This will be used as the preview text that displays in some email clients</span>', 'name': 'preview_text', 'order': 0, 'smart_type': None, 'styles': {}, 'type': 'text'}",Newsletter,2026-05-12,14431,4601,294,https://www.facebook.com/SMEMediaNews,0.02037280853717691,0.31882752408010534,0.063899152358183
212632305925,MMTS 2026 - AT 18 - CAN (EN),"{{ personalization_token('contact.firstname', ' ') }} Final Day of MMTS 2026","{'body': {'value': 'MMTS 2026 closes tonight at 6 pm. The next edition returns in 2028.'}, 'child_css': {}, 'css': {}, 'id': 'preview_text', 'label': 'Preview Text <span class=help-text>This will be used as the preview text that displays in some email clients</span>', 'name': 'preview_text', 'order': 0, 'smart_type': None, 'styles': {}, 'type': 'text'}",Unclassified,2026-05-11,1753,772,7,https://www.facebook.com/MMTSevent,0.003993154592127781,0.44038790644609244,0.009067357512953367
212658640385,MMTS 2026 - AT 17 - CAN (FR),"{{ personalization_token('contact.firstname', ' ') }} Le STFM 2026 commence aujourd’hui","{'body': {'value': ""L'industrie québécoise de la fabrication se réunit dès maintenant au Palais des congrès de Montréal.""}, 'child_css': {}, 'css': {}, 'id': 'preview_text', 'label': 'Preview Text <span class=help-text>This will be used as the preview text that displays in some email clients</span>', 'name': 'preview_text', 'order': 0, 'smart_type': None, 'styles': {}, 'type': 'text'}",Unclassified,2026-05-11,1587,949,33,https://www.facebook.com/MMTSevent,0.020793950850661626,0.5979836168872086,0.03477344573234984
212673507652,MMTS 2026 - AT 18 - CAN (FR),"{{ personalization_token('contact.firstname', ' ') }} Dernier jour du STFM 2026","{'body': {'value': 'Le STFM 2026 prend fin ce soir à 18 h. La prochaine édition aura lieu en 2028.'}, 'child_css': {}, 'css': {}, 'id': 'preview_text', 'label': 'Preview Text <span class=help-text>This will be used as the preview text that displays in some email clients</span>', 'name': 'preview_text', 'order': 0, 'smart_type': None, 'styles': {}, 'type': 'text'}",Unclassified,2026-05-11,1572,787,26,https://www.facebook.com/MMTSevent,0.01653944020356234,0.5006361323155216,0.03303684879288437
212735627911,MMTS 2026 - AT 19 (EN),"{{ personalization_token('contact.firstname', ' ') }} One Last Chance Before MMTS 2028","{'body': {'value': 'MMTS 2026 ends today. Don’t wait another two years.'}, 'child_css': {}, 'css': {}, 'id': 'preview_text', 'label': 'Preview Text <span class=help-text>This will be used as the preview text that displays in some email clients</span>', 'name': 'preview_text', 'order': 0, 'smart_type': None, 'styles': {}, 'type': 'text'}",Unclassified,2026-05-12,1692,712,6,https://www.facebook.com/MMTSevent,0.0035460992907801418,0.42080378250591016,0.008426966292134831
212682333982,Webinar Series June 2 2026 (Clone),How AI and Digital Twins Are Advancing Additive Manufacturing Webinar ,"{'body': {'value': ''}, 'child_css': {}, 'css': {}, 'id': 'preview_text', 'label': 'Preview Text <span class=help-text>This will be used as the preview text that displays in some email clients</span>', 'name': 'preview_text', 'order': 0, 'smart_type': None, 'styles': {}, 'type': 'text'}",Unclassified,2026-05-19,12116,2397,126,https://49073304.hs-sites.com/-temporary-slug-8fdbe86c-133d-4eb7-a859-ec297cce84d5,0.01039947177286233,0.19783757015516673,0.052565707133917394
212751059801,MMTS 2026 - AT 19 (FR),"{{ personalization_token('contact.firstname', ' ') }} Dernière chance avant le STFM 2028","{'body': {'value': ""Le STFM 2026 se termine aujourd'hui. N'attendez pas encore deux ans.""}, 'child_css': {}, 'css': {}, 'id': 'preview_text', 'label': 'Preview Text <span class=help-text>This will be used as the preview text that displays in some email clients</span>', 'name': 'preview_text', 'order': 0, 'smart_type': None, 'styles': {}, 'type': 'text'}",Unclassified,2026-05-12,1535,647,11,https://www.facebook.com/MMTSevent,0.0071661237785016286,0.4214983713355049,0.017001545595054096
212760733852,2026 Membership_Spotlight Series May Post-Event Email,"Your Replay of ""Data-Driven Dominance: Achieving Foundational Automation"" is Now Available","{'body': {'value': 'Watch the replay now'}, 'child_css': {}, 'css': {}, 'id': 'preview_text', 'label': 'Preview Text <span class=help-text>This will be used as the preview text that displays in some email clients</span>', 'name': 'preview_text', 'order': 0, 'smart_type': None, 'styles': {}, 'type': 'text'}",Unclassified,2026-05-12,59,67,3,https://49073304.hs-sites.com/-temporary-slug-b781c0aa-2eb9-4de3-8927-9cd0b2878695,0.05084745762711865,1.1355932203389831,0.04477611940298507
212760817062,Renewal Campaign 2,Don’t Lose Access to MET’s Industry Insights,"{'body': {'value': ""Stay informed with MET's latest industry insights. Renew your free subscription today.""}, 'child_css': {}, 'css': {}, 'id': 'preview_text', 'label': 'Preview Text <span class=help-text>This will be used as the preview text that displays in some email clients</span>', 'name': 'preview_text', 'order': 0, 'smart_type': None, 'styles': {}, 'type': 'text'}",Unclassified,2026-05-14,2782,85,1,https://49073304.hs-sites.com/-temporary-slug-88c45bc8-98c4-47fe-baf5-bb67c5c58b95,0.0003594536304816679,0.03055355859094177,0.011764705882352941
212665012051,Upcoming SME Media Webinars,"{{ personalization_token('contact.firstname', 'Hey') }}, get a competitive edge, right from your desk","{'body': {'value': 'Learn about the latest technology driving the manufacturing industry and get a competitive edge, all at the comfort of your desk.'}, 'child_css': {}, 'css': {}, 'id': 'preview_text', 'label': 'Preview Text <span class=help-text>This will be used as the preview text that displays in some email clients</span>', 'name': 'preview_text', 'order': 0, 'smart_type': None, 'styles': {}, 'type': 'text'}",Unclassified,2026-05-11,34426,3810,61,https://49073304.hs-sites.com/-temporary-slug-a327ea6c-e56d-4ce2-a643-fc0af1c273d7,0.0017719165746819265,0.11067216638587114,0.016010498687664042
212814399655,New email,,"{'body': {'value': ''}, 'child_css': {}, 'css': {}, 'id': 'preview_text', 'label': 'Preview Text <span class=help-text>This will be used as the preview text that displays in some email clients</span>', 'name': 'preview_text', 'order': 0, 'smart_type': None, 'styles': {}, 'type': 'text'}",Unclassified,2026-05-13,0,0,0,,0.0,0.0,0.0
212822179866,MWCC Custom Email,Most manufacturers qualify for the R&D tax credit. Most don't claim it all.,"{'body': {'value': 'Ready to Find Out What You Qualify For?'}, 'child_css': {}, 'css': {}, 'id': 'preview_text', 'label': 'Preview Text <span class=help-text>This will be used as the preview text that displays in some email clients</span>', 'name': 'preview_text', 'order': 0, 'smart_type': None, 'styles': {}, 'type': 'text'}",Advertising,2026-05-13,0,0,0,,0.0,0.0,0.0
212822183323,IMTS Speaker Recrutiment (1),Take the Stage at IMTS 2026 – Exclusive Smart Manufacturing Speaking Opportunity,"{'body': {'value': 'Invitation to speak at IMTS 2026'}, 'child_css': {}, 'css': {}, 'id': 'preview_text', 'label': 'Preview Text <span class=help-text>This will be used as the preview text that displays in some email clients</span>', 'name': 'preview_text', 'order': 0, 'smart_type': None, 'styles': {}, 'type': 'text'}",Unclassified,2026-05-15,69,101,3,https://49073304.hs-sites.com/-temporary-slug-f98492e1-b405-4ff3-a290-6d8b5a0fdb0a,0.043478260869565216,1.463768115942029,0.0297029702970297
212664966560,MW 5/15/26,Your Manufacturing Weekly Newsletter Is Here,"{'body': {'value': 'May 15, 2026 - 3D Printing to the Moon, Supporting Manufacturing Supervisors'}, 'child_css': {}, 'css': {}, 'id': 'preview_text', 'label': 'Preview Text <span class=help-text>This will be used as the preview text that displays in some email clients</span>', 'name': 'preview_text', 'order': 0, 'smart_type': None, 'styles': {}, 'type': 'text'}",Newsletter,2026-05-15,57147,5663,424,https://www.facebook.com/SMEMediaNews,0.007419462088998547,0.09909531558961976,0.07487197598446053
212885611627,IMTS Speaker Recrutiment (3),Last Chance to Secure Your IMTS 2026 Speaking Slot,"{'body': {'value': 'Invitation to speak at IMTS 2026'}, 'child_css': {}, 'css': {}, 'id': 'preview_text', 'label': 'Preview Text <span class=help-text>This will be used as the preview text that displays in some email clients</span>', 'name': 'preview_text', 'order': 0, 'smart_type': None, 'styles': {}, 'type': 'text'}",Unclassified,2026-05-14,0,0,0,,0.0,0.0,0.0
212885607435,IMTS Speaker Recrutiment (2),Take the Stage at IMTS 2026 – Exclusive Smart Manufacturing Speaking Opportunity,"{'body': {'value': 'Invitation to speak at IMTS 2026'}, 'child_css': {}, 'css': {}, 'id': 'preview_text', 'label': 'Preview Text <span class=help-text>This will be used as the preview text that displays in some email clients</span>', 'name': 'preview_text', 'order': 0, 'smart_type': None, 'styles': {}, 'type': 'text'}",Unclassified,2026-05-15,68,39,1,https://49073304.hs-sites.com/-temporary-slug-2a140f12-27c3-4c71-8efb-8e6ad2aedc0a,0.014705882352941176,0.5735294117647058,0.02564102564102564
213110138743,MW 5/22/26,Your Manufacturing Weekly Newsletter Is Here,"{'body': {'value': 'AI Firms Gain Pentagon Access, Auto Tariffs Rise'}, 'child_css': {}, 'css': {}, 'id': 'preview_text', 'label': 'Preview Text <span class=help-text>This will be used as the preview text that displays in some email clients</span>', 'name': 'preview_text', 'order': 0, 'smart_type': None, 'styles': {}, 'type': 'text'}",Newsletter,2026-05-18,0,0,0,https://www.facebook.com/SMEMediaNews,0.0,0.0,0.0
212814294169,Design-2-Part May 14 Custom Email,Happening Next Week: The Greater Denver Design 2 Part Contract Manufacturing Trade Show,"{'body': {'value': 'Connect with hundreds of American suppliers in Denver'}, 'child_css': {}, 'css': {}, 'id': 'preview_text', 'label': 'Preview Text <span class=help-text>This will be used as the preview text that displays in some email clients</span>', 'name': 'preview_text', 'order': 0, 'smart_type': None, 'styles': {}, 'type': 'text'}",Advertising,2026-05-18,51865,2639,50,https://49073304.hs-sites.com/announcing-the-schaumburg-show-in-may-1,0.0009640412609659693,0.05088209775378386,0.018946570670708603
213140184688,(B) (A) MW 5/19/26,Your Manufacturing Weekly Newsletter Is Here,"{'body': {'value': 'May 19, 2026 - EgyptAir Collects 737, Tesla Halts Model S/X'}, 'child_css': {}, 'css': {}, 'id': 'preview_text', 'label': 'Preview Text <span class=help-text>This will be used as the preview text that displays in some email clients</span>', 'name': 'preview_text', 'order': 0, 'smart_type': None, 'styles': {}, 'type': 'text'}",Newsletter,2026-05-19,14382,714,145,https://www.facebook.com/SMEMediaNews,0.010082047003198442,0.04964539007092199,0.2030812324929972
212807590671,(A) (A) MW 5/19/26,Your Manufacturing Weekly Newsletter Is Here,"{'body': {'value': 'May 19, 2026 - EgyptAir Collects 737, Tesla Halts Model S/X'}, 'child_css': {}, 'css': {}, 'id': 'preview_text', 'label': 'Preview Text <span class=help-text>This will be used as the preview text that displays in some email clients</span>', 'name': 'preview_text', 'order': 0, 'smart_type': None, 'styles': {}, 'type': 'text'}",Newsletter,2026-05-19,57014,2469,451,https://www.facebook.com/SMEMediaNews,0.007910337811765531,0.043305153120286245,0.18266504657756177
213174521866,Webinar Series June 2 2026 (Clone) (Clone) (Clone),Last Chance: Join the NAMRC 53 Best Paper Award Webinar!,"{'body': {'value': 'NAMRC 53 Best Paper Award Encore Presentation'}, 'child_css': {}, 'css': {}, 'id': 'preview_text', 'label': 'Preview Text <span class=help-text>This will be used as the preview text that displays in some email clients</span>', 'name': 'preview_text', 'order': 0, 'smart_type': None, 'styles': {}, 'type': 'text'}",Unclassified,2026-05-19,6648,1760,197,https://49073304.hs-sites.com/-temporary-slug-59557f56-7ffb-4b75-a7ae-ac86ff8cc2b3,0.029632972322503007,0.2647412755716005,0.11193181818181819
213174505814,Webinar Series June 2 2026 (Clone) (Clone),Webinar: Learn how predictive control and Digital Twins are improving additive manufacturing performance.,"{'body': {'value': ''}, 'child_css': {}, 'css': {}, 'id': 'preview_text', 'label': 'Preview Text <span class=help-text>This will be used as the preview text that displays in some email clients</span>', 'name': 'preview_text', 'order': 0, 'smart_type': None, 'styles': {}, 'type': 'text'}",Unclassified,2026-05-19,7383,2317,137,https://49073304.hs-sites.com/-temporary-slug-2831d822-b367-4b92-8611-f8983db720ff,0.01855614248950291,0.3138290667750237,0.05912818299525248
213249146765,NAMRC 54 Tutorials,Featured Tutorials You Won’t Want to Miss at NAMRC 54,"{'body': {'value': ''}, 'child_css': {}, 'css': {}, 'id': 'preview_text', 'label': 'Preview Text <span class=help-text>This will be used as the preview text that displays in some email clients</span>', 'name': 'preview_text', 'order': 0, 'smart_type': None, 'styles': {}, 'type': 'text'}",Unclassified,2026-05-20,16878,1958,95,https://49073304.hs-sites.com/-temporary-slug-130c8e64-7b4d-4e9f-848d-a8ca040c5cb5,0.0056286289844768335,0.11600900580637516,0.04851889683350358
213264660029,IMTS MET 2026,Attn: IMTS Exhibitors—Free Product Announcement in Manufacturing Engineering & Technology,"{'body': {'value': 'Submit your product release for IMTS 2026 by June 5.'}, 'child_css': {}, 'css': {}, 'id': 'preview_text', 'label': 'Preview Text <span class=help-text>This will be used as the preview text that displays in some email clients</span>', 'name': 'preview_text', 'order': 0, 'smart_type': None, 'styles': {}, 'type': 'text'}",Unclassified,2026-05-21,10593,2046,30,https://49073304.hs-sites.com/-temporary-slug-43e140c4-6ec1-4ce8-a16f-e4056e69a9d1,0.002832058906825262,0.19314641744548286,0.01466275659824047
213283294518,NAMRC 54 AI Panels,Two Must-Attend AI Manufacturing Panels at NAMRC 54,"{'body': {'value': ''}, 'child_css': {}, 'css': {}, 'id': 'preview_text', 'label': 'Preview Text <span class=help-text>This will be used as the preview text that displays in some email clients</span>', 'name': 'preview_text', 'order': 0, 'smart_type': None, 'styles': {}, 'type': 'text'}",Unclassified,2026-06-03,16633,1672,220,https://49073304.hs-sites.com/-temporary-slug-2944e274-0724-498e-b334-ca49eba4f9ec,0.013226717970300006,0.10052305657428004,0.13157894736842105
212960167974,Upcoming SME Media Webinars Email #2,"{{ personalization_token('contact.firstname', 'Hey') }}, start your weekend off by gaining a competitive edge","{'body': {'value': 'Learn about the latest technology driving the manufacturing industry and get a competitive edge, all at the comfort of your desk.'}, 'child_css': {}, 'css': {}, 'id': 'preview_text', 'label': 'Preview Text <span class=help-text>This will be used as the preview text that displays in some email clients</span>', 'name': 'preview_text', 'order': 0, 'smart_type': None, 'styles': {}, 'type': 'text'}",Unclassified,2026-05-15,33782,14561,235,https://49073304.hs-sites.com/-temporary-slug-dc21697c-89f6-43c4-ba2b-78f87196f2ba,0.006956367296193239,0.4310283582973181,0.016139001442208638
213333436027,Design-2-Part May 26 Custom Email,Attend Novi’s Largest Trade Show for Contract Manufacturing,"{'body': {'value': 'Connect face-to-face with hundreds of top-tier American manufacturers.'}, 'child_css': {}, 'css': {}, 'id': 'preview_text', 'label': 'Preview Text <span class=help-text>This will be used as the preview text that displays in some email clients</span>', 'name': 'preview_text', 'order': 0, 'smart_type': None, 'styles': {}, 'type': 'text'}",Advertising,2026-05-21,51708,2627,98,https://49073304.hs-sites.com/happening-next-week-the-greater-denver-design-2-part-contract-manufacturing-trade-show,0.0018952579871586602,0.05080451767618163,0.03730491054434716
213198523659,Iscar May 20 Webinar Email #3,"{{ personalization_token('contact.firstname', 'Hi,') }}, last chance to register for this informative webinar!","{'body': {'value': 'Don’t miss this opportunity to enhance your machining operations!'}, 'child_css': {}, 'css': {}, 'id': 'preview_text', 'label': 'Preview Text <span class=help-text>This will be used as the preview text that displays in some email clients</span>', 'name': 'preview_text', 'order': 0, 'smart_type': None, 'styles': {}, 'type': 'text'}",Unclassified,2026-05-19,57814,13104,224,https://49073304.hs-sites.com/-temporary-slug-ca6d31f3-6b9c-4619-8561-063a6ea8a010,0.0038744940671809596,0.22665790293008614,0.017094017094017096
213283838808,3Dnatives Custom Email,"Hear from NASA, GM, MIT & Dept. of War on Scaling Metal AM","{'body': {'value': '3 panels on the technical hurdles and ROI challenges in metal additive manufacturing.'}, 'child_css': {}, 'css': {}, 'id': 'preview_text', 'label': 'Preview Text <span class=help-text>This will be used as the preview text that displays in some email clients</span>', 'name': 'preview_text', 'order': 0, 'smart_type': None, 'styles': {}, 'type': 'text'}",Advertising,2026-05-27,58576,3352,114,https://49073304.hs-sites.com/-temporary-slug-1a423ff5-1313-48d6-9d19-390c50fa1a70,0.0019461895656924337,0.05722480196667577,0.03400954653937947
213340595290,NAMRC 54 Student Ambassador,Applications are now open for the NAMRC 54 Student Ambassador Program,"{'body': {'value': ''}, 'child_css': {}, 'css': {}, 'id': 'preview_text', 'label': 'Preview Text <span class=help-text>This will be used as the preview text that displays in some email clients</span>', 'name': 'preview_text', 'order': 0, 'smart_type': None, 'styles': {}, 'type': 'text'}",Unclassified,2026-05-21,3629,2110,96,https://49073304.hs-sites.com/-temporary-slug-d5244e7c-cdf0-42f7-a6bc-8d42ecede383,0.026453568476164233,0.581427390465693,0.04549763033175355
213349734066,August MET NAICS,Get Your Brand in Front of the IMTS 2026 Audience,"{'body': {'value': 'Discover innovations at IMTS 2026.'}, 'child_css': {}, 'css': {}, 'id': 'preview_text', 'label': 'Preview Text <span class=help-text>This will be used as the preview text that displays in some email clients</span>', 'name': 'preview_text', 'order': 0, 'smart_type': None, 'styles': {}, 'type': 'text'}",Unclassified,2026-05-26,9886,860,27,https://49073304.hs-sites.com/-temporary-slug-38dd834a-df68-4dad-a6ae-21cc089f2529,0.002731134938296581,0.08699170544203924,0.031395348837209305
213349736572,(B) MW 5/22/26,Your Manufacturing Weekly Newsletter Is Here,"{'body': {'value': 'May 22, 2026 - Stellantis Signs AI Agreement, China Buys Boeing Planes'}, 'child_css': {}, 'css': {}, 'id': 'preview_text', 'label': 'Preview Text <span class=help-text>This will be used as the preview text that displays in some email clients</span>', 'name': 'preview_text', 'order': 0, 'smart_type': None, 'styles': {}, 'type': 'text'}",Newsletter,2026-05-22,14362,816,87,https://www.facebook.com/SMEMediaNews,0.006057652137585295,0.0568165993594207,0.10661764705882353
213283385421,DISCUS June 9 Webinar Email #1,"{{ personalization_token('contact.firstname', 'Hi,') }}, kick off the summer by gaining a competitive edge","{'body': {'value': 'Don’t miss this opportunity to accelerate your First Article Inspection process.'}, 'child_css': {}, 'css': {}, 'id': 'preview_text', 'label': 'Preview Text <span class=help-text>This will be used as the preview text that displays in some email clients</span>', 'name': 'preview_text', 'order': 0, 'smart_type': None, 'styles': {}, 'type': 'text'}",Unclassified,2026-05-26,39853,12853,393,https://49073304.hs-sites.com/personalization_tokencontact.firstname-hi-we-think-youll-enjoy-this-informative-webinar,0.009861240057210247,0.32251022507715854,0.03057651910059908
213340435237,(A) MW 5/22/26,Your Manufacturing Weekly Newsletter Is Here,"{'body': {'value': 'May 22, 2026 - Stellantis Signs AI Agreement, China Buys Boeing Planes'}, 'child_css': {}, 'css': {}, 'id': 'preview_text', 'label': 'Preview Text <span class=help-text>This will be used as the preview text that displays in some email clients</span>', 'name': 'preview_text', 'order': 0, 'smart_type': None, 'styles': {}, 'type': 'text'}",Newsletter,2026-05-22,56930,2459,268,https://www.facebook.com/SMEMediaNews,0.004707535569998244,0.04319339539785702,0.10898739324928833
213724669738,Blue Sky Email 5 (Clone),Join Us for the NSF Blue Sky Competition at NAMRC 54,"{'body': {'value': ''}, 'child_css': {}, 'css': {}, 'id': 'preview_text', 'label': 'Preview Text <span class=help-text>This will be used as the preview text that displays in some email clients</span>', 'name': 'preview_text', 'order': 0, 'smart_type': None, 'styles': {}, 'type': 'text'}",Unclassified,2026-05-29,4555,2177,157,https://49073304.hs-sites.com/-temporary-slug-cacad09c-d313-43d4-b39f-022822a42cb8,0.03446761800219539,0.4779363336992316,0.07211759301791457
213414917393,MW 5/26/26,Your Manufacturing Weekly Newsletter Is Here,"{'body': {'value': 'May 26, 2026 - Cutting Tool Report, Digital Deemed Essential'}, 'child_css': {}, 'css': {}, 'id': 'preview_text', 'label': 'Preview Text <span class=help-text>This will be used as the preview text that displays in some email clients</span>', 'name': 'preview_text', 'order': 0, 'smart_type': None, 'styles': {}, 'type': 'text'}",Newsletter,2026-05-26,56861,4489,411,https://www.facebook.com/SMEMediaNews,0.007228152864001689,0.07894690561193085,0.09155713967476052
213427084570,MW 5/29/26,Your Manufacturing Weekly Newsletter Is Here,"{'body': {'value': 'May 29, 2026 - Stratasys Buys MarkForged, Nissan Drops EV Plans'}, 'child_css': {}, 'css': {}, 'id': 'preview_text', 'label': 'Preview Text <span class=help-text>This will be used as the preview text that displays in some email clients</span>', 'name': 'preview_text', 'order': 0, 'smart_type': None, 'styles': {}, 'type': 'text'}",Newsletter,2026-05-29,56699,2993,485,https://www.facebook.com/SMEMediaNews,0.008553942750313057,0.05278752711688037,0.16204477113264285
213724760913,MW 6/2/26,Your Manufacturing Weekly Newsletter Is Here,"{'body': {'value': 'June 2, 2026 - GE Returns to U.S., Boeing Increases Production'}, 'child_css': {}, 'css': {}, 'id': 'preview_text', 'label': 'Preview Text <span class=help-text>This will be used as the preview text that displays in some email clients</span>', 'name': 'preview_text', 'order': 0, 'smart_type': None, 'styles': {}, 'type': 'text'}",Newsletter,2026-06-02,56498,2494,514,https://www.facebook.com/SMEMediaNews,0.009097667174059259,0.04414315550992955,0.20609462710505214
213782512807,2026 Membership_SME Engage May 29,Register Now: SME Engagement Events,"{'body': {'value': ""See what's upcoming with SME membership engagement events""}, 'child_css': {}, 'css': {}, 'id': 'preview_text', 'label': 'Preview Text <span class=help-text>This will be used as the preview text that displays in some email clients</span>', 'name': 'preview_text', 'order': 0, 'smart_type': None, 'styles': {}, 'type': 'text'}",Unclassified,2026-05-28,7226,1389,124,https://49073304.hs-sites.com/register-now-sme-engagement-events-1779996930150,0.017160254636036536,0.19222252975366733,0.0892728581713463
213886695446,Aegis Webinar Custom Email,Check out this upcoming webinar from Aegis Software!,"{'body': {'value': 'Join them for a discussion on how manufacturers use simulation, scheduling, and execution data to validate operational decisions before they impact production.'}, 'child_css': {}, 'css': {}, 'id': 'preview_text', 'label': 'Preview Text <span class=help-text>This will be used as the preview text that displays in some email clients</span>', 'name': 'preview_text', 'order': 0, 'smart_type': None, 'styles': {}, 'type': 'text'}",Advertising,2026-06-03,10473,1620,92,https://49073304.hs-sites.com/-temporary-slug-dce8686e-f991-4990-a918-b13fef8c953d,0.008784493459371719,0.15468347178458894,0.056790123456790124
214056630831,NAMRC 54 Student Ambassador (Clone),Reminder: Applications are now open for the NAMRC 54 Student Ambassador Program,"{'body': {'value': ''}, 'child_css': {}, 'css': {}, 'id': 'preview_text', 'label': 'Preview Text <span class=help-text>This will be used as the preview text that displays in some email clients</span>', 'name': 'preview_text', 'order': 0, 'smart_type': None, 'styles': {}, 'type': 'text'}",Unclassified,2026-06-01,12341,2090,276,https://49073304.hs-sites.com/-temporary-slug-943a959b-fe77-4d50-9f1d-293c27e9278b,0.022364476136455716,0.16935418523620452,0.1320574162679426
214056634035,NAMRC 54 Student Ambassador (Clone) (Clone),Final Reminder: Applications are now due for the NAMRC 54 Student Ambassador Program,"{'body': {'value': ''}, 'child_css': {}, 'css': {}, 'id': 'preview_text', 'label': 'Preview Text <span class=help-text>This will be used as the preview text that displays in some email clients</span>', 'name': 'preview_text', 'order': 0, 'smart_type': None, 'styles': {}, 'type': 'text'}",Unclassified,2026-06-03,12254,1991,248,https://49073304.hs-sites.com/-temporary-slug-e61918f6-2bc9-4180-a5e5-fc0201ad6412,0.020238289538110004,0.16247755834829444,0.1245605223505776
213876161713,SBS MW 6/1/26,Manufacturing Weekly State by State Special Edition,"{'body': {'value': '50 Stories of American Innovation'}, 'child_css': {}, 'css': {}, 'id': 'preview_text', 'label': 'Preview Text <span class=help-text>This will be used as the preview text that displays in some email clients</span>', 'name': 'preview_text', 'order': 0, 'smart_type': None, 'styles': {}, 'type': 'text'}",Newsletter,2026-06-01,8950,4255,562,https://www.facebook.com/SMEMediaNews,0.06279329608938547,0.47541899441340785,0.13207990599294947
213867263520,Upcoming SME Media Webinars Email #3,"Get exclusive insights, right from the comfort of your desk.","{'body': {'value': 'SME Media webinars bring you the latest technology driving the manufacturing industry.'}, 'child_css': {}, 'css': {}, 'id': 'preview_text', 'label': 'Preview Text <span class=help-text>This will be used as the preview text that displays in some email clients</span>', 'name': 'preview_text', 'order': 0, 'smart_type': None, 'styles': {}, 'type': 'text'}",Unclassified,2026-06-03,32996,11595,208,https://49073304.hs-sites.com/-temporary-slug-1c3b0cc1-872c-44ff-a8f1-29d117ab6e63,0.00630379439932113,0.3514062310583101,0.017938766709788702
214150330128,MW 6/9/26,Your Manufacturing Weekly Newsletter Is Here,"{'body': {'value': 'June 9, 2026 - May Jobs Report, U.S. Plans New Tariffs'}, 'child_css': {}, 'css': {}, 'id': 'preview_text', 'label': 'Preview Text <span class=help-text>This will be used as the preview text that displays in some email clients</span>', 'name': 'preview_text', 'order': 0, 'smart_type': None, 'styles': {}, 'type': 'text'}",Newsletter,2026-06-08,34789,2814,620,https://www.facebook.com/SMEMediaNews,0.017821725257983846,0.08088763689672022,0.22032693674484718
214160711573,2026 Membership_Career Cafe June,At 2 p.m. ET: Learn How to Go From New Hire to Valued Team Member,"{'body': {'value': 'Build credibility, earn trust, and master the art of workplace integration'}, 'child_css': {}, 'css': {}, 'id': 'preview_text', 'label': 'Preview Text <span class=help-text>This will be used as the preview text that displays in some email clients</span>', 'name': 'preview_text', 'order': 0, 'smart_type': None, 'styles': {}, 'type': 'text'}",Unclassified,2026-06-02,7207,1328,70,https://49073304.hs-sites.com/-temporary-slug-1f4d78ab-be67-4c35-8f04-2f5666b0ef3b,0.009712779242403219,0.18426529762730678,0.05271084337349398
214252426031,IMTS MET 2026 Last Call,Reminder: IMTS Exhibitors—Free Product Announcement in Manufacturing Engineering & Technology,"{'body': {'value': 'Submit your product release for IMTS 2026 by June 5.'}, 'child_css': {}, 'css': {}, 'id': 'preview_text', 'label': 'Preview Text <span class=help-text>This will be used as the preview text that displays in some email clients</span>', 'name': 'preview_text', 'order': 0, 'smart_type': None, 'styles': {}, 'type': 'text'}",Unclassified,2026-06-03,4932,947,29,https://49073304.hs-sites.com/-temporary-slug-680a41a5-542e-42b8-9aa0-6fb72987616c,0.005879967558799676,0.19201135442011355,0.030623020063357972
214150331729,MW 6/12/26,Your Manufacturing Weekly Newsletter Is Here,"{'body': {'value': 'June 12, 2026 - Eaton Mobility Group Joins Dana, Next-Gen Job Needs'}, 'child_css': {}, 'css': {}, 'id': 'preview_text', 'label': 'Preview Text <span class=help-text>This will be used as the preview text that displays in some email clients</span>', 'name': 'preview_text', 'order': 0, 'smart_type': None, 'styles': {}, 'type': 'text'}",Newsletter,2026-06-12,34734,4125,454,https://www.facebook.com/SMEMediaNews,0.013070766396038463,0.11875971670409396,0.11006060606060607
214336166212,2026 Membership_SME Engage June 5,NEW: Member-Exclusive Resource Library,"{'body': {'value': 'Explore the library and register for upcoming events'}, 'child_css': {}, 'css': {}, 'id': 'preview_text', 'label': 'Preview Text <span class=help-text>This will be used as the preview text that displays in some email clients</span>', 'name': 'preview_text', 'order': 0, 'smart_type': None, 'styles': {}, 'type': 'text'}",Unclassified,2026-06-05,7178,1453,87,https://49073304.hs-sites.com/register-now-sme-engagement-events-1780666693088,0.012120367790470883,0.20242407355809416,0.05987611837577426
214138379114,MW 6/5/26,Your Manufacturing Weekly Newsletter Is Here,"{'body': {'value': 'June 5, 2026 - The State of Reshoring, An AI Executive Order'}, 'child_css': {}, 'css': {}, 'id': 'preview_text', 'label': 'Preview Text <span class=help-text>This will be used as the preview text that displays in some email clients</span>', 'name': 'preview_text', 'order': 0, 'smart_type': None, 'styles': {}, 'type': 'text'}",Newsletter,2026-06-05,34834,2740,481,https://www.facebook.com/SMEMediaNews,0.013808348165585347,0.07865878165011196,0.17554744525547444
214440137745,MW 6/5/26 (Clone),Your Manufacturing Weekly Newsletter Is Here,"{'body': {'value': 'June 5, 2026 - The State of Reshoring, An AI Executive Order'}, 'child_css': {}, 'css': {}, 'id': 'preview_text', 'label': 'Preview Text <span class=help-text>This will be used as the preview text that displays in some email clients</span>', 'name': 'preview_text', 'order': 0, 'smart_type': None, 'styles': {}, 'type': 'text'}",Newsletter,2026-06-05,0,0,0,https://www.facebook.com/SMEMediaNews,0.0,0.0,0.0
214350948022,NAMRC 54 Track Keynote and Panel,"Featured Sessions at NAMRC 54 and MSEC 2026: Education, and Automation","{'body': {'value': ''}, 'child_css': {}, 'css': {}, 'id': 'preview_text', 'label': 'Preview Text <span class=help-text>This will be used as the preview text that displays in some email clients</span>', 'name': 'preview_text', 'order': 0, 'smart_type': None, 'styles': {}, 'type': 'text'}",Unclassified,2026-06-04,16578,1955,313,https://49073304.hs-sites.com/-temporary-slug-afb1dd60-7b6c-4ae5-ae89-0f47315bd5c0,0.018880443961877186,0.11792737362769937,0.16010230179028134
214356537915,NAMRC 54 Track Workforce Panel,Building the Future Manufacturing Workforce: Panel and Workshop at NAMRC 54 ,"{'body': {'value': ''}, 'child_css': {}, 'css': {}, 'id': 'preview_text', 'label': 'Preview Text <span class=help-text>This will be used as the preview text that displays in some email clients</span>', 'name': 'preview_text', 'order': 0, 'smart_type': None, 'styles': {}, 'type': 'text'}",Unclassified,2026-06-10,16534,2197,323,https://49073304.hs-sites.com/-temporary-slug-ae909971-bc14-4be1-8e12-72507bd30af3,0.019535502600701585,0.13287770654409095,0.14701866181156123
214440123949,Digital MET Notification June/July,Manufacturing Engineering and Technology is LIVE!,"{'body': {'value': ""Our June/July 2026 issue celebrates the U.S.'s 250th birthday""}, 'child_css': {}, 'css': {}, 'id': 'preview_text', 'label': 'Preview Text <span class=help-text>This will be used as the preview text that displays in some email clients</span>', 'name': 'preview_text', 'order': 0, 'smart_type': None, 'styles': {}, 'type': 'text'}",Unclassified,2026-06-25,15473,2560,155,https://49073304.hs-sites.com/-temporary-slug-2b4db281-e837-45fb-b58e-471e5e56699f,0.010017449751179474,0.16544949266464162,0.060546875
214583202682,2026 Membership_Spotlight Series June #2,In 30 Mins: Digital Transformation for Regulated Manufacturers,"{'body': {'value': 'Join a free webinar at 2 p.m. ET'}, 'child_css': {}, 'css': {}, 'id': 'preview_text', 'label': 'Preview Text <span class=help-text>This will be used as the preview text that displays in some email clients</span>', 'name': 'preview_text', 'order': 0, 'smart_type': None, 'styles': {}, 'type': 'text'}",Unclassified,2026-06-09,6753,2175,130,https://49073304.hs-sites.com/-temporary-slug-af05eb98-de0b-46bd-bf0c-8461e440377e,0.019250703391085443,0.32207907596623725,0.059770114942528735
214445871650,Composites Leadership JotForm,Step Into a Leadership Role in the SME Composites Community,"{'body': {'value': ''}, 'child_css': {}, 'css': {}, 'id': 'preview_text', 'label': 'Preview Text <span class=help-text>This will be used as the preview text that displays in some email clients</span>', 'name': 'preview_text', 'order': 0, 'smart_type': None, 'styles': {}, 'type': 'text'}",Unclassified,2026-06-09,16467,2136,52,https://49073304.hs-sites.com/-temporary-slug-67738baf-75a3-4daf-b17f-ffb7d1851297,0.0031578308131414343,0.12971397340134816,0.024344569288389514
214591057319,2026 Membership_SME Engage June 12,NEW: Member-Exclusive Resource Library,"{'body': {'value': 'Explore the library and register for upcoming events'}, 'child_css': {}, 'css': {}, 'id': 'preview_text', 'label': 'Preview Text <span class=help-text>This will be used as the preview text that displays in some email clients</span>', 'name': 'preview_text', 'order': 0, 'smart_type': None, 'styles': {}, 'type': 'text'}",Unclassified,2026-06-11,3022,1,57,https://49073304.hs-sites.com/new-member-exclusive-resource-library,0.01886168100595632,0.00033090668431502316,57.0
214674312887,MW 6/12/26 (Clone),Your Manufacturing Weekly Newsletter Is Here,"{'body': {'value': 'June 12, 2026 - GE Returns to U.S., Boeing Increases Production'}, 'child_css': {}, 'css': {}, 'id': 'preview_text', 'label': 'Preview Text <span class=help-text>This will be used as the preview text that displays in some email clients</span>', 'name': 'preview_text', 'order': 0, 'smart_type': None, 'styles': {}, 'type': 'text'}",Newsletter,2026-06-10,0,0,0,https://www.facebook.com/SMEMediaNews,0.0,0.0,0.0
214609676292,MW Welcome Email (Automation),Welcome to Manufacturing Weekly,"{'body': {'value': 'Whitelist us in your inbox to ensure you never miss an update.'}, 'child_css': {}, 'css': {}, 'id': 'preview_text', 'label': 'Preview Text <span class=help-text>This will be used as the preview text that displays in some email clients</span>', 'name': 'preview_text', 'order': 0, 'smart_type': None, 'styles': {}, 'type': 'text'}",Unclassified,2026-06-18,48,15,2,https://www.facebook.com/SMEMediaNews,0.041666666666666664,0.3125,0.13333333333333333
214700555578,2026 Membership_Member Survey #1,"We're Listening, {{ contact.firstname }}: Help Us Plan 2027","{'body': {'value': 'Take a quick survey to help us plan 2027'}, 'child_css': {}, 'css': {}, 'id': 'preview_text', 'label': 'Preview Text <span class=help-text>This will be used as the preview text that displays in some email clients</span>', 'name': 'preview_text', 'order': 0, 'smart_type': None, 'styles': {}, 'type': 'text'}",Unclassified,2026-06-09,7243,1503,102,https://49073304.hs-sites.com/-temporary-slug-a821162b-d6cc-4b0c-b950-2ecb49c69ebc,0.014082562474112936,0.20751069998619356,0.06786427145708583
214768753157,September MET Marketing,Be seen as a true leader in manufacturing,"{'body': {'value': ""Enhance your brand's credibility in manufacturing today.""}, 'child_css': {}, 'css': {}, 'id': 'preview_text', 'label': 'Preview Text <span class=help-text>This will be used as the preview text that displays in some email clients</span>', 'name': 'preview_text', 'order': 0, 'smart_type': None, 'styles': {}, 'type': 'text'}",Unclassified,2026-06-10,5772,395,1,https://49073304.hs-sites.com/-temporary-slug-378f5100-b32b-4e35-8eb9-fa6ff257297d,0.00017325017325017325,0.06843381843381843,0.002531645569620253
214788512327,2026 Membership_EP Campaign #1,In 30 Mins: Digital Transformation for Regulated Manufacturers,"{'body': {'value': 'Join a free webinar at 2 p.m. ET'}, 'child_css': {}, 'css': {}, 'id': 'preview_text', 'label': 'Preview Text <span class=help-text>This will be used as the preview text that displays in some email clients</span>', 'name': 'preview_text', 'order': 0, 'smart_type': None, 'styles': {}, 'type': 'text'}",Unclassified,2026-06-10,0,0,0,,0.0,0.0,0.0
214590875235,2026 Membership_Spotlight Series June #1,Digital Transformation for Regulated Manufacturers ,"{'body': {'value': 'Join a free webinar on June 10'}, 'child_css': {}, 'css': {}, 'id': 'preview_text', 'label': 'Preview Text <span class=help-text>This will be used as the preview text that displays in some email clients</span>', 'name': 'preview_text', 'order': 0, 'smart_type': None, 'styles': {}, 'type': 'text'}",Unclassified,2026-06-08,31963,3168,214,https://49073304.hs-sites.com/-temporary-slug-0063c0f3-7a2e-4ea8-b904-44b5fe528acc,0.006695241372837343,0.09911460125770422,0.06755050505050506
214846837404,NAMRC 54 Know Before You Go,NAMRC 54 Starts Soon: What You Need to Know,"{'body': {'value': ''}, 'child_css': {}, 'css': {}, 'id': 'preview_text', 'label': 'Preview Text <span class=help-text>This will be used as the preview text that displays in some email clients</span>', 'name': 'preview_text', 'order': 0, 'smart_type': None, 'styles': {}, 'type': 'text'}",Unclassified,2026-06-11,173,148,6,https://49073304.hs-sites.com/-temporary-slug-ef060d49-ea2e-470d-8329-3d42fe80c675,0.03468208092485549,0.8554913294797688,0.04054054054054054
214846915329,(A) 2026 Membership_FABTECH Canada Attendees #1,Loved FABTECH? Join the Toronto Manufacturing Community,"{'body': {'value': 'Keep the networking alive all year long'}, 'child_css': {}, 'css': {}, 'id': 'preview_text', 'label': 'Preview Text <span class=help-text>This will be used as the preview text that displays in some email clients</span>', 'name': 'preview_text', 'order': 0, 'smart_type': None, 'styles': {}, 'type': 'text'}",Unclassified,2026-06-11,4236,561,43,https://49073304.hs-sites.com/-temporary-slug-a1227fa4-e34c-420f-b36e-23f63dc87754,0.010151085930122757,0.13243626062322947,0.0766488413547237
214856343212,(B) 2026 Membership_FABTECH Canada Attendees #1,Loved FABTECH? Join the Toronto Manufacturing Community,"{'body': {'value': 'Keep the networking alive all year long'}, 'child_css': {}, 'css': {}, 'id': 'preview_text', 'label': 'Preview Text <span class=help-text>This will be used as the preview text that displays in some email clients</span>', 'name': 'preview_text', 'order': 0, 'smart_type': None, 'styles': {}, 'type': 'text'}",Unclassified,2026-06-11,2122,469,28,https://49073304.hs-sites.com/-temporary-slug-9ab3b348-d139-4073-9b9a-878ac7e37039,0.013195098963242224,0.22101790763430726,0.05970149253731343
214788630944,MW 6/16/26,Your Manufacturing Weekly Newsletter Is Here,"{'body': {'value': 'June 16, 2026 - Lockheed Martin Union Agreement, Department of War'}, 'child_css': {}, 'css': {}, 'id': 'preview_text', 'label': 'Preview Text <span class=help-text>This will be used as the preview text that displays in some email clients</span>', 'name': 'preview_text', 'order': 0, 'smart_type': None, 'styles': {}, 'type': 'text'}",Newsletter,2026-06-16,34655,2789,284,https://www.facebook.com/SMEMediaNews,0.008195065647092771,0.08047900735824556,0.10182861240588024
214599753328,DISCUS June 9 Webinar Email #2,LAST CHANCE to register for today's webinar!,"{'body': {'value': 'Don’t miss this opportunity to accelerate your First Article Inspection process.'}, 'child_css': {}, 'css': {}, 'id': 'preview_text', 'label': 'Preview Text <span class=help-text>This will be used as the preview text that displays in some email clients</span>', 'name': 'preview_text', 'order': 0, 'smart_type': None, 'styles': {}, 'type': 'text'}",Unclassified,2026-06-08,36018,11746,614,https://49073304.hs-sites.com/personalization_tokencontact.firstname-hi-kick-off-the-summer-by-gaining-a-competitive-edge,0.017047032039535788,0.326114720417569,0.05227311425166014
214700919982,Boast May 21 Webinar Email #2,LAST CHANCE to register for today's informative webinar!,"{'body': {'value': 'Learn how to claim U.S. R&D tax credits as a manufacturer.\xa0'}, 'child_css': {}, 'css': {}, 'id': 'preview_text', 'label': 'Preview Text <span class=help-text>This will be used as the preview text that displays in some email clients</span>', 'name': 'preview_text', 'order': 0, 'smart_type': None, 'styles': {}, 'type': 'text'}",Unclassified,2026-06-09,31951,10429,473,https://49073304.hs-sites.com/personalization_tokencontact.firstname-hi-we-think-youll-enjoy-our-upcoming-webinar-2,0.014803918500203437,0.3264060592782699,0.045354300508198296
215065029136,MW 6/23/26,Your Manufacturing Weekly Newsletter Is Here,"{'body': {'value': 'June 23, 2026 - Colorado A&D Tax Credits, 10 Steps to the Top'}, 'child_css': {}, 'css': {}, 'id': 'preview_text', 'label': 'Preview Text <span class=help-text>This will be used as the preview text that displays in some email clients</span>', 'name': 'preview_text', 'order': 0, 'smart_type': None, 'styles': {}, 'type': 'text'}",Newsletter,2026-06-23,36731,3822,237,https://www.facebook.com/SMEMediaNews,0.006452315482834663,0.10405379652065014,0.06200941915227629
215112821875,2026 Membership_FABTECH Canada Attendees #1 - A/B test v2,Loved FABTECH? Join the Toronto Manufacturing Community,"{'body': {'value': 'Keep the networking alive all year long'}, 'child_css': {}, 'css': {}, 'id': 'preview_text', 'label': 'Preview Text <span class=help-text>This will be used as the preview text that displays in some email clients</span>', 'name': 'preview_text', 'order': 0, 'smart_type': None, 'styles': {}, 'type': 'text'}",Unclassified,2026-06-15,4273,702,38,https://49073304.hs-sites.com/-temporary-slug-17b8e9be-a455-4b65-beda-e3d9eb8a985d,0.00889304937982682,0.16428738591153755,0.05413105413105413
215112821879,2026 Membership_FABTECH Canada Attendees #1 - A/B test v2 (Variation),Loved FABTECH? Join the Toronto Manufacturing Community,"{'body': {'value': 'Keep the networking alive all year long'}, 'child_css': {}, 'css': {}, 'id': 'preview_text', 'label': 'Preview Text <span class=help-text>This will be used as the preview text that displays in some email clients</span>', 'name': 'preview_text', 'order': 0, 'smart_type': None, 'styles': {}, 'type': 'text'}",Unclassified,2026-06-16,2132,492,22,https://49073304.hs-sites.com/-temporary-slug-553fc236-2fff-4449-a0e6-7f1ef268e6f3,0.010318949343339587,0.23076923076923078,0.044715447154471545
215112879276,2026 Membership_Spotlight Series June Post-Event Email,"Your Replay of ""Accelerating Digital Transformation in Regulated Manufacturing"" is Now Available","{'body': {'value': 'Watch the replay now'}, 'child_css': {}, 'css': {}, 'id': 'preview_text', 'label': 'Preview Text <span class=help-text>This will be used as the preview text that displays in some email clients</span>', 'name': 'preview_text', 'order': 0, 'smart_type': None, 'styles': {}, 'type': 'text'}",Unclassified,2026-06-15,50,57,1,https://49073304.hs-sites.com/-temporary-slug-9d3dfbd9-ed1e-4fb4-8733-5b92183ab037,0.02,1.14,0.017543859649122806
215079522598,ECI Custom Email,AI that actually works for YOU,"{'body': {'value': 'Not for the hype of it'}, 'child_css': {}, 'css': {}, 'id': 'preview_text', 'label': 'Preview Text <span class=help-text>This will be used as the preview text that displays in some email clients</span>', 'name': 'preview_text', 'order': 0, 'smart_type': None, 'styles': {}, 'type': 'text'}",Advertising,2026-06-15,31698,1888,77,https://49073304.hs-sites.com/-temporary-slug-85436640-6a18-473f-9bc5-78db517e5bc1,0.0024291753422928893,0.05956211748375292,0.04078389830508475
215065033085,MW 6/19/26,Your Manufacturing Weekly Newsletter Is Here,"{'body': {'value': 'June 19, 2026 - GM/Lockheed Martin Enter Discussions, Latest Tariff Ruling'}, 'child_css': {}, 'css': {}, 'id': 'preview_text', 'label': 'Preview Text <span class=help-text>This will be used as the preview text that displays in some email clients</span>', 'name': 'preview_text', 'order': 0, 'smart_type': None, 'styles': {}, 'type': 'text'}",Newsletter,2026-06-19,36781,2288,284,https://www.facebook.com/SMEMediaNews,0.007721377885321226,0.06220603028737663,0.12412587412587413
215656699061,October MET Marketing,Is Your Expertise Showing Up in AI Search?,"{'body': {'value': ""Showcase your expertise on AI platforms with MET's trusted content.""}, 'child_css': {}, 'css': {}, 'id': 'preview_text', 'label': 'Preview Text <span class=help-text>This will be used as the preview text that displays in some email clients</span>', 'name': 'preview_text', 'order': 0, 'smart_type': None, 'styles': {}, 'type': 'text'}",Unclassified,2026-07-23,0,0,0,,0.0,0.0,0.0
215666110532,Renewal Campaign 3,Your MET Subscription Is Set to Expire — Renew Now for Free,"{'body': {'value': ""Stay informed with MET's latest industry insights. Renew your free subscription today.""}, 'child_css': {}, 'css': {}, 'id': 'preview_text', 'label': 'Preview Text <span class=help-text>This will be used as the preview text that displays in some email clients</span>', 'name': 'preview_text', 'order': 0, 'smart_type': None, 'styles': {}, 'type': 'text'}",Unclassified,2026-06-24,2868,25,5,https://49073304.hs-sites.com/-temporary-slug-dbfd6f83-f032-4a46-bede-9caebce3cb96,0.0017433751743375174,0.008716875871687587,0.2
215567140753,2026 Membership_EP Campaign #1,Younger than 35 & not in school? Join SME for free,"{'body': {'value': 'Your membership paid for by donations in the manufacturing industry'}, 'child_css': {}, 'css': {}, 'id': 'preview_text', 'label': 'Preview Text <span class=help-text>This will be used as the preview text that displays in some email clients</span>', 'name': 'preview_text', 'order': 0, 'smart_type': None, 'styles': {}, 'type': 'text'}",Unclassified,2026-06-22,7100,305,31,https://49073304.hs-sites.com/-temporary-slug-b25bcc6e-aea9-4a68-b9bf-d198e37368d6,0.0043661971830985915,0.04295774647887324,0.10163934426229508
215071416686,MW 6/26/26,Your Manufacturing Weekly Newsletter Is Here,"{'body': {'value': 'June 26, 2026 - 3D-Printed Dentures, Toyota Cuts Production'}, 'child_css': {}, 'css': {}, 'id': 'preview_text', 'label': 'Preview Text <span class=help-text>This will be used as the preview text that displays in some email clients</span>', 'name': 'preview_text', 'order': 0, 'smart_type': None, 'styles': {}, 'type': 'text'}",Newsletter,2026-06-26,36687,3607,222,https://www.facebook.com/SMEMediaNews,0.006051189794750184,0.09831820535884646,0.061546991960077624
215746308008,2026 Membership_Member Survey #2,Students and EPs: Help Us Plan 2027,"{'body': {'value': 'Take a quick survey to help us plan 2027'}, 'child_css': {}, 'css': {}, 'id': 'preview_text', 'label': 'Preview Text <span class=help-text>This will be used as the preview text that displays in some email clients</span>', 'name': 'preview_text', 'order': 0, 'smart_type': None, 'styles': {}, 'type': 'text'}",Unclassified,2026-06-24,2145,377,14,https://49073304.hs-sites.com/-temporary-slug-196734d0-eb71-4be1-b8d1-671344739f95,0.006526806526806527,0.17575757575757575,0.03713527851458886
215746355819,Renewal Campaign 3 (2nd List),Your MET Subscription Is Set to Expire — Renew Now for Free,"{'body': {'value': ""Stay informed with MET's latest industry insights. Renew your free subscription today.""}, 'child_css': {}, 'css': {}, 'id': 'preview_text', 'label': 'Preview Text <span class=help-text>This will be used as the preview text that displays in some email clients</span>', 'name': 'preview_text', 'order': 0, 'smart_type': None, 'styles': {}, 'type': 'text'}",Unclassified,2026-06-24,3364,162,31,https://49073304.hs-sites.com/-temporary-slug-f590c176-344c-4193-8a58-225b5006981a,0.009215219976218787,0.048156956004756245,0.19135802469135801
215861524874,test,,"{'body': {'value': ''}, 'child_css': {}, 'css': {}, 'id': 'preview_text', 'label': 'Preview Text <span class=help-text>This will be used as the preview text that displays in some email clients</span>', 'name': 'preview_text', 'order': 0, 'smart_type': None, 'styles': {}, 'type': 'text'}",Unclassified,2026-06-26,0,0,0,,0.0,0.0,0.0
215873804302,2026 Membership_EP Campaign #2,Free Opportunity: Help Someone Launch Their Manufacturing Career,"{'body': {'value': 'Paid for by donations in the manufacturing industry'}, 'child_css': {}, 'css': {}, 'id': 'preview_text', 'label': 'Preview Text <span class=help-text>This will be used as the preview text that displays in some email clients</span>', 'name': 'preview_text', 'order': 0, 'styles': {}, 'type': 'text'}",Unclassified,2026-06-26,0,0,0,https://49073304.hs-sites.com/-temporary-slug-3be7218b-348d-463b-b330-3e85eb113dab,0.0,0.0,0.0
215822588295,BTM Industrial Custom Email,Upcoming Auctions: Manufacturing & Precision Metal Machining Equipment.,"{'body': {'value': 'Advanced and precision manufacturing equipment sales that can upgrade facilities at a fraction of the cost of buying new!'}, 'child_css': {}, 'css': {}, 'id': 'preview_text', 'label': 'Preview Text <span class=help-text>This will be used as the preview text that displays in some email clients</span>', 'name': 'preview_text', 'order': 0, 'smart_type': None, 'styles': {}, 'type': 'text'}",Advertising,2026-06-29,33849,1470,191,https://49073304.hs-sites.com/-temporary-slug-47551fb3-7590-4dc1-9c3b-8a8f5bbb7d1e,0.005642707317793731,0.04342816626783657,0.12993197278911564
215357973343,2026 Membership_SME Engage June 19,NEW: Member-Exclusive Resource Library,"{'body': {'value': 'Explore the library and register for upcoming events'}, 'child_css': {}, 'css': {}, 'id': 'preview_text', 'label': 'Preview Text <span class=help-text>This will be used as the preview text that displays in some email clients</span>', 'name': 'preview_text', 'order': 0, 'smart_type': None, 'styles': {}, 'type': 'text'}",Unclassified,2026-06-18,7181,2126,123,https://49073304.hs-sites.com/new-member-exclusive-resource-library-1,0.01712853363041359,0.29605904470129507,0.057855126999059266
215855391895,2026 Membership_SME Engage June 26,Register Now: FREE SME Engagement Events,"{'body': {'value': 'Hone your professional development'}, 'child_css': {}, 'css': {}, 'id': 'preview_text', 'label': 'Preview Text <span class=help-text>This will be used as the preview text that displays in some email clients</span>', 'name': 'preview_text', 'order': 0, 'smart_type': None, 'styles': {}, 'type': 'text'}",Unclassified,2026-06-26,7127,1273,104,https://49073304.hs-sites.com/new-member-exclusive-resource-library-2,0.014592395117160095,0.1786165286937,0.0816967792615868
215919619455,Composites Leadership JotForm (Clone),The SME Composites Community Needs Your Voice,"{'body': {'value': ''}, 'child_css': {}, 'css': {}, 'id': 'preview_text', 'label': 'Preview Text <span class=help-text>This will be used as the preview text that displays in some email clients</span>', 'name': 'preview_text', 'order': 0, 'smart_type': None, 'styles': {}, 'type': 'text'}",Unclassified,2026-06-26,15540,3039,66,https://49073304.hs-sites.com/-temporary-slug-3d565643-b673-4bc7-8583-9dea597fa2a0,0.0042471042471042475,0.19555984555984557,0.02171767028627838
215879910023,2026 Membership_EP Campaign #2 (Clone),Free Opportunity: Help Someone Launch Their Manufacturing Career,"{'body': {'value': 'Paid for by donations in the manufacturing industry'}, 'child_css': {}, 'css': {}, 'id': 'preview_text', 'label': 'Preview Text <span class=help-text>This will be used as the preview text that displays in some email clients</span>', 'name': 'preview_text', 'order': 0, 'smart_type': None, 'styles': {}, 'type': 'text'}",Unclassified,2026-06-26,13729,3022,97,https://49073304.hs-sites.com/-temporary-slug-8e4c82e4-8e2d-4a99-af0a-74615dd6b582,0.007065336149755991,0.22011799839755264,0.03209794837855725
216095733868,2026 Membership_Member Survey #3,Students and EPs: Last Chance to Shape SME's 2027 Programs,"{'body': {'value': 'Take a quick survey to help us plan 2027'}, 'child_css': {}, 'css': {}, 'id': 'preview_text', 'label': 'Preview Text <span class=help-text>This will be used as the preview text that displays in some email clients</span>', 'name': 'preview_text', 'order': 0, 'smart_type': None, 'styles': {}, 'type': 'text'}",Unclassified,2026-06-29,2121,340,11,https://49073304.hs-sites.com/-temporary-slug-0f678a2e-7c8a-4874-9b2f-ff9b4628556e,0.005186232909005186,0.1603017444601603,0.03235294117647059
216072172153,MW 6/30/26,Your Manufacturing Weekly Newsletter Is Here,"{'body': {'value': 'June 30, 2026 - Lockheed Wins Contract, EVs Outsell Gas'}, 'child_css': {}, 'css': {}, 'id': 'preview_text', 'label': 'Preview Text <span class=help-text>This will be used as the preview text that displays in some email clients</span>', 'name': 'preview_text', 'order': 0, 'smart_type': None, 'styles': {}, 'type': 'text'}",Newsletter,2026-06-30,36620,2345,295,https://www.facebook.com/SMEMediaNews,0.008055707263790278,0.06403604587657018,0.1257995735607676
216280378172,2026 Membership_SME Engage July 2 (Clone),Register Now: FREE SME Engagement Events,"{'body': {'value': 'Hone your professional development'}, 'child_css': {}, 'css': {}, 'id': 'preview_text', 'label': 'Preview Text <span class=help-text>This will be used as the preview text that displays in some email clients</span>', 'name': 'preview_text', 'order': 0, 'smart_type': None, 'styles': {}, 'type': 'text'}",Unclassified,2026-07-01,0,0,0,,0.0,0.0,0.0
216354216480,Digital MET Notification August,Manufacturing Engineering and Technology is LIVE!,"{'body': {'value': ""Our June/July 2026 issue celebrates the U.S.'s 250th birthday""}, 'child_css': {}, 'css': {}, 'id': 'preview_text', 'label': 'Preview Text <span class=help-text>This will be used as the preview text that displays in some email clients</span>', 'name': 'preview_text', 'order': 0, 'smart_type': None, 'styles': {}, 'type': 'text'}",Unclassified,2026-07-02,0,0,0,,0.0,0.0,0.0
216072315225,MW 7/3/26,Your Manufacturing Weekly Newsletter Is Here,"{'body': {'value': 'July 3, 2026 - Happy Independence Day Weekend!'}, 'child_css': {}, 'css': {}, 'id': 'preview_text', 'label': 'Preview Text <span class=help-text>This will be used as the preview text that displays in some email clients</span>', 'name': 'preview_text', 'order': 0, 'smart_type': None, 'styles': {}, 'type': 'text'}",Newsletter,2026-07-03,36578,3428,244,https://www.facebook.com/SMEMediaNews,0.006670676362841052,0.09371753513040626,0.07117852975495916
216357887610,Digital MET Notification June/July (Supressed Test),Manufacturing Engineering and Technology is LIVE!,"{'body': {'value': ""Our June/July 2026 issue celebrates the U.S.'s 250th birthday""}, 'child_css': {}, 'css': {}, 'id': 'preview_text', 'label': 'Preview Text <span class=help-text>This will be used as the preview text that displays in some email clients</span>', 'name': 'preview_text', 'order': 0, 'smart_type': None, 'styles': {}, 'type': 'text'}",Unclassified,2026-07-02,10255,544,25,https://49073304.hs-sites.com/-temporary-slug-53f42ee8-a1ba-47fb-8e64-867c20c531c3,0.0024378352023403218,0.053047294002925405,0.04595588235294118
216174898713,2026 Membership_SME Engage July 2,Register Now: FREE SME Engagement Events,"{'body': {'value': 'Hone your professional development'}, 'child_css': {}, 'css': {}, 'id': 'preview_text', 'label': 'Preview Text <span class=help-text>This will be used as the preview text that displays in some email clients</span>', 'name': 'preview_text', 'order': 0, 'smart_type': None, 'styles': {}, 'type': 'text'}",Unclassified,2026-07-01,7059,1330,116,https://49073304.hs-sites.com/register-now-free-sme-engagement-events,0.016432922510270575,0.18841195636775748,0.08721804511278196
216367037775,Digital MET Notification June/July (Redux),Manufacturing Engineering and Technology is LIVE!,"{'body': {'value': ""Our June/July 2026 issue celebrates the U.S.'s 250th birthday""}, 'child_css': {}, 'css': {}, 'id': 'preview_text', 'label': 'Preview Text <span class=help-text>This will be used as the preview text that displays in some email clients</span>', 'name': 'preview_text', 'order': 0, 'smart_type': None, 'styles': {}, 'type': 'text'}",Unclassified,2026-07-02,20915,1268,76,https://49073304.hs-sites.com/-temporary-slug-c1148bd5-8ab9-4cd0-8b61-269306c7b64e,0.0036337556777432463,0.06062634472866364,0.05993690851735016
216090201620,2026 Membership_EP Campaign #3,Free Opportunity: Help Someone Launch Their Manufacturing Career,"{'body': {'value': 'Paid for by donations in the manufacturing industry'}, 'child_css': {}, 'css': {}, 'id': 'preview_text', 'label': 'Preview Text <span class=help-text>This will be used as the preview text that displays in some email clients</span>', 'name': 'preview_text', 'order': 0, 'smart_type': None, 'styles': {}, 'type': 'text'}",Unclassified,2026-06-29,39731,2177,133,https://49073304.hs-sites.com/-temporary-slug-4e1017c8-6db7-492e-892b-9b5030b76b58,0.0033475120183232236,0.05479348619465908,0.06109324758842444
216655376654,September MET NAICS,Be Part of MET's September Transportation Coverage,"{'body': {'value': ""Join MET's September issue for insights on automation and welding.""}, 'child_css': {}, 'css': {}, 'id': 'preview_text', 'label': 'Preview Text <span class=help-text>This will be used as the preview text that displays in some email clients</span>', 'name': 'preview_text', 'order': 0, 'smart_type': None, 'styles': {}, 'type': 'text'}",Unclassified,2026-07-10,5761,394,6,https://49073304.hs-sites.com/-temporary-slug-44018e9f-0180-409c-9202-1fb28e6831e0,0.0010414858531504947,0.06839090435688248,0.015228426395939087
216596614550,MW 7/7/26,Your Manufacturing Weekly Newsletter Is Here,"{'body': {'value': 'July 7, 2026 - Robot Safety, Flying Taxis'}, 'child_css': {}, 'css': {}, 'id': 'preview_text', 'label': 'Preview Text <span class=help-text>This will be used as the preview text that displays in some email clients</span>', 'name': 'preview_text', 'order': 0, 'smart_type': None, 'styles': {}, 'type': 'text'}",Newsletter,2026-07-07,36545,3568,330,https://www.facebook.com/SMEMediaNews,0.00902996305924203,0.09763305513750171,0.09248878923766816
216372867452,2026 Membership_EP Campaign #4,Still Time to Share: Free Membership for Young Manufacturing Pros,"{'body': {'value': 'Paid for by donations in the manufacturing industry'}, 'child_css': {}, 'css': {}, 'id': 'preview_text', 'label': 'Preview Text <span class=help-text>This will be used as the preview text that displays in some email clients</span>', 'name': 'preview_text', 'order': 0, 'smart_type': None, 'styles': {}, 'type': 'text'}",Unclassified,2026-07-02,41711,6285,175,https://49073304.hs-sites.com/-temporary-slug-4824f05b-59e0-4476-9ed6-038070dfec6b,0.004195535949749467,0.1506796768238594,0.02784407319013524
216596662640,MW 7/10/26,Your Manufacturing Weekly Newsletter Is Here,"{'body': {'value': 'July 10, 2026 - Toyota Moves to Texas, Velo3D Expands'}, 'child_css': {}, 'css': {}, 'id': 'preview_text', 'label': 'Preview Text <span class=help-text>This will be used as the preview text that displays in some email clients</span>', 'name': 'preview_text', 'order': 0, 'smart_type': None, 'styles': {}, 'type': 'text'}",Newsletter,2026-07-10,36504,2692,365,https://www.facebook.com/SMEMediaNews,0.00999890422967346,0.07374534297611221,0.13558692421991084
216734735497,(A) 2026 Membership_SME Engage July 10,Register Now: FREE SME Engagement Events,"{'body': {'value': ""6 dates you won't want to miss""}, 'child_css': {}, 'css': {}, 'id': 'preview_text', 'label': 'Preview Text <span class=help-text>This will be used as the preview text that displays in some email clients</span>', 'name': 'preview_text', 'order': 0, 'smart_type': None, 'styles': {}, 'type': 'text'}",Unclassified,2026-07-09,6991,770,119,https://49073304.hs-sites.com/register-now-free-sme-engagement-events-1,0.01702188528107567,0.11014161064225432,0.15454545454545454
216831955091,(B) 2026 Membership_SME Engage July 10,Register Now: FREE SME Engagement Events,"{'body': {'value': ""6 dates you won't want to miss""}, 'child_css': {}, 'css': {}, 'id': 'preview_text', 'label': 'Preview Text <span class=help-text>This will be used as the preview text that displays in some email clients</span>', 'name': 'preview_text', 'order': 0, 'smart_type': None, 'styles': {}, 'type': 'text'}",Unclassified,2026-07-10,1784,206,33,https://49073304.hs-sites.com/register-now-free-sme-engagement-events-3,0.018497757847533634,0.11547085201793722,0.16019417475728157
216877076583,2026 Membership_EP Campaign #6,5 Days Left: Free Membership for Young Manufacturing Pros,"{'body': {'value': 'Paid for by donations in the manufacturing industry'}, 'child_css': {}, 'css': {}, 'id': 'preview_text', 'label': 'Preview Text <span class=help-text>This will be used as the preview text that displays in some email clients</span>', 'name': 'preview_text', 'order': 0, 'smart_type': None, 'styles': {}, 'type': 'text'}",Unclassified,2026-07-10,4955,3101,104,https://49073304.hs-sites.com/-temporary-slug-e865b918-4311-4f2f-bb90-7fc436cfa2dc,0.020988900100908172,0.625832492431887,0.03353756852628184
216730965662,BTM Industrial Custom Email #2,There's still time to bid on affordable surplus assets!,"{'body': {'value': 'Advanced and precision manufacturing equipment sales that can upgrade facilities at a fraction of the cost of buying new!'}, 'child_css': {}, 'css': {}, 'id': 'preview_text', 'label': 'Preview Text <span class=help-text>This will be used as the preview text that displays in some email clients</span>', 'name': 'preview_text', 'order': 0, 'smart_type': None, 'styles': {}, 'type': 'text'}",Advertising,2026-07-08,32845,907,100,https://49073304.hs-sites.com/-temporary-slug-77ecd6f8-f440-4360-a43b-0287f588ac51,0.0030446034404018876,0.02761455320444512,0.11025358324145534
216900324491,MW 7/14/26,Your Manufacturing Weekly Newsletter Is Here,"{'body': {'value': 'July 14, 2026 - U.S. Aircraft Tariffs, Retrofitting for OEE'}, 'child_css': {}, 'css': {}, 'id': 'preview_text', 'label': 'Preview Text <span class=help-text>This will be used as the preview text that displays in some email clients</span>', 'name': 'preview_text', 'order': 0, 'smart_type': None, 'styles': {}, 'type': 'text'}",Newsletter,2026-07-14,36441,3971,260,https://www.facebook.com/SMEMediaNews,0.007134820669026646,0.10897066491040312,0.06547469151347268
217070829208,(A) 2026 Membership_SME Engage July 17,Register Now: FREE SME Engagement Events,"{'body': {'value': ""6 dates you won't want to miss""}, 'child_css': {}, 'css': {}, 'id': 'preview_text', 'label': 'Preview Text <span class=help-text>This will be used as the preview text that displays in some email clients</span>', 'name': 'preview_text', 'order': 0, 'smart_type': None, 'styles': {}, 'type': 'text'}",Unclassified,2026-07-16,6991,499,71,https://49073304.hs-sites.com/register-now-free-sme-engagement-events-2,0.010155914747532541,0.0713774853382921,0.14228456913827656
216730907755,2026 Membership_EP Campaign #5,Time's Running Out: Free Membership for Young Manufacturing Pros,"{'body': {'value': 'Paid for by donations in the manufacturing industry'}, 'child_css': {}, 'css': {}, 'id': 'preview_text', 'label': 'Preview Text <span class=help-text>This will be used as the preview text that displays in some email clients</span>', 'name': 'preview_text', 'order': 0, 'smart_type': None, 'styles': {}, 'type': 'text'}",Unclassified,2026-07-08,46852,6697,224,https://49073304.hs-sites.com/-temporary-slug-0d1397db-0f4b-46c0-ae7c-88a56b2938f3,0.004781012550157944,0.14293946896610604,0.03344781245333731
216822220628,Iscar Aug 5 Webinar Email #1,"{{ personalization_token('contact.firstname', 'Hi,') }}, class is in session.","{'body': {'value': 'Turning economics are changing, and we want to show you where cost per part is really won.'}, 'child_css': {}, 'css': {}, 'id': 'preview_text', 'label': 'Preview Text <span class=help-text>This will be used as the preview text that displays in some email clients</span>', 'name': 'preview_text', 'order': 0, 'smart_type': None, 'styles': {}, 'type': 'text'}",Unclassified,2026-07-09,31895,11928,346,https://49073304.hs-sites.com/-temporary-slug-a6278dde-70d5-42cd-9348-5416e4255903,0.010848095312744945,0.3739771124000627,0.029007377598926895
217121058212,(B) 2026 Membership_SME Engage July 17,Register Now: FREE SME Engagement Events,"{'body': {'value': ""6 dates you won't want to miss""}, 'child_css': {}, 'css': {}, 'id': 'preview_text', 'label': 'Preview Text <span class=help-text>This will be used as the preview text that displays in some email clients</span>', 'name': 'preview_text', 'order': 0, 'smart_type': None, 'styles': {}, 'type': 'text'}",Unclassified,2026-07-17,3493,393,86,https://49073304.hs-sites.com/register-now-free-sme-engagement-events-4,0.024620669911251072,0.11251073575722874,0.21882951653944022
217117465353,ECI eNotifier,Building a Practical Path to AI Readiness with ECI,"{'body': {'value': ""Read ECI's 2026 AI Readiness Report to see how your peers are navigating AI adoption with real-world results.""}, 'child_css': {}, 'css': {}, 'id': 'preview_text', 'label': 'Preview Text <span class=help-text>This will be used as the preview text that displays in some email clients</span>', 'name': 'preview_text', 'order': 0, 'smart_type': None, 'styles': {}, 'type': 'text'}",Unclassified,2026-07-14,31431,1630,23,https://49073304.hs-sites.com/-temporary-slug-677853c5-1998-48c9-9879-67a3ead40014,0.0007317616366008081,0.05185962902866597,0.01411042944785276
217083025055,2026 Membership_EP Campaign #8,Ends Tomorrow: Free SME Membership for Under 35 year olds,"{'body': {'value': 'Paid for by donations in the manufacturing industry'}, 'child_css': {}, 'css': {}, 'id': 'preview_text', 'label': 'Preview Text <span class=help-text>This will be used as the preview text that displays in some email clients</span>', 'name': 'preview_text', 'order': 0, 'smart_type': None, 'styles': {}, 'type': 'text'}",Unclassified,2026-07-14,10582,8117,189,https://49073304.hs-sites.com/-temporary-slug-2593c287-8c65-4a25-a40a-9e9fa3f42fb3,0.01786051786051786,0.7670572670572671,0.023284464703708267
217138362468,Boston Dynamics Custom Email #1,You're Invited: The Art Behind Human-Robot Interaction,"{'body': {'value': 'Join our experts to learn how Atlas is designed for safe workplace collaboration.'}, 'child_css': {}, 'css': {}, 'id': 'preview_text', 'label': 'Preview Text <span class=help-text>This will be used as the preview text that displays in some email clients</span>', 'name': 'preview_text', 'order': 0, 'smart_type': None, 'styles': {}, 'type': 'text'}",Advertising,2026-07-14,41498,1817,92,https://49073304.hs-sites.com/-temporary-slug-4f4a5eab-21f1-42ce-8a65-aae8237952e5,0.0022169743120150367,0.043785242662296976,0.05063291139240506
217047151282,2026 Membership_EP Campaign #7,2 Days Left: Free Membership for Young Manufacturing Pros,"{'body': {'value': 'Paid for by donations in the manufacturing industry'}, 'child_css': {}, 'css': {}, 'id': 'preview_text', 'label': 'Preview Text <span class=help-text>This will be used as the preview text that displays in some email clients</span>', 'name': 'preview_text', 'order': 0, 'smart_type': None, 'styles': {}, 'type': 'text'}",Unclassified,2026-07-13,62218,13289,602,https://49073304.hs-sites.com/-temporary-slug-b9b3ae14-9196-40b5-b464-f84dc1fae533,0.009675656562409592,0.21358770773731076,0.04530062457671759
217121095584,MW 7/17/26,Your Manufacturing Weekly Newsletter Is Here,"{'body': {'value': 'July 17, 2026 - New Unifor Contract, CMMC Uncertain'}, 'child_css': {}, 'css': {}, 'id': 'preview_text', 'label': 'Preview Text <span class=help-text>This will be used as the preview text that displays in some email clients</span>', 'name': 'preview_text', 'order': 0, 'smart_type': None, 'styles': {}, 'type': 'text'}",Newsletter,2026-07-17,36380,2623,316,https://www.facebook.com/SMEMediaNews,0.00868609125893348,0.07210005497526113,0.12047274113610369
217148875030,MW 7/24/26,Your Manufacturing Weekly Newsletter Is Here,"{'body': {'value': 'July 21, 2026 - U.S. Aircraft Tariffs, Retrofitting for OEE'}, 'child_css': {}, 'css': {}, 'id': 'preview_text', 'label': 'Preview Text <span class=help-text>This will be used as the preview text that displays in some email clients</span>', 'name': 'preview_text', 'order': 0, 'smart_type': None, 'styles': {}, 'type': 'text'}",Newsletter,2026-07-14,0,0,0,https://www.facebook.com/SMEMediaNews,0.0,0.0,0.0
217121065003,2026 Membership_MICC July 21,In 30 Mins: Digital Transformation for Smart Factories,"{'body': {'value': 'Explore automation, AI, IoT, and practical digital transformation strategies.'}, 'child_css': {}, 'css': {}, 'id': 'preview_text', 'label': 'Preview Text <span class=help-text>This will be used as the preview text that displays in some email clients</span>', 'name': 'preview_text', 'order': 0, 'smart_type': None, 'styles': {}, 'type': 'text'}",Unclassified,2026-07-14,33342,14127,582,https://49073304.hs-sites.com/-temporary-slug-c1f5029e-4733-432b-af56-2c2366d4289e,0.017455461579989204,0.42369983804210903,0.041197706519430874
217138395032,Boston Dynamics Custom Email #2,Don't Miss Out [Atlas Webinar] The Art Behind Human-Robot Interaction,"{'body': {'value': 'Join the Atlas team for a look at the design and AI behind human-robot collaboration.'}, 'child_css': {}, 'css': {}, 'id': 'preview_text', 'label': 'Preview Text <span class=help-text>This will be used as the preview text that displays in some email clients</span>', 'name': 'preview_text', 'order': 0, 'smart_type': None, 'styles': {}, 'type': 'text'}",Advertising,2026-07-14,41443,1859,65,https://49073304.hs-sites.com/-temporary-slug-32964551-cbe5-43f6-a7c1-c988272942f7,0.0015684192746664093,0.044856791255459307,0.03496503496503497
217398451874,MW Sign-Up Invite,,"{'body': {'value': ''}, 'child_css': {}, 'css': {}, 'id': 'preview_text', 'label': 'Preview Text <span class=help-text>This will be used as the preview text that displays in some email clients</span>', 'name': 'preview_text', 'order': 0, 'smart_type': None, 'styles': {}, 'type': 'text'}",Unclassified,2026-07-29,0,0,0,,0.0,0.0,0.0
217149045875,2026 Membership_EP Campaign #9,Ends Tonight: Free SME Membership for Under 35 year olds,"{'body': {'value': 'Paid for by donations in the manufacturing industry'}, 'child_css': {}, 'css': {}, 'id': 'preview_text', 'label': 'Preview Text <span class=help-text>This will be used as the preview text that displays in some email clients</span>', 'name': 'preview_text', 'order': 0, 'smart_type': None, 'styles': {}, 'type': 'text'}",Unclassified,2026-07-14,9235,7645,178,https://49073304.hs-sites.com/-temporary-slug-6e2ebb6f-91ce-4f42-bce6-958784cf18b8,0.019274499187872225,0.8278289117487818,0.02328319162851537
217138664338,MW 7/21/26,Your Manufacturing Weekly Newsletter Is Here,"{'body': {'value': 'July 21, 2026 - U.S.-Canada Bridge, Process Consolidation'}, 'child_css': {}, 'css': {}, 'id': 'preview_text', 'label': 'Preview Text <span class=help-text>This will be used as the preview text that displays in some email clients</span>', 'name': 'preview_text', 'order': 0, 'smart_type': None, 'styles': {}, 'type': 'text'}",Newsletter,2026-07-21,36325,2520,342,https://www.facebook.com/SMEMediaNews,0.009415003441156228,0.06937370956641431,0.1357142857142857
217726312060,MW 7/31/26,Your Manufacturing Weekly Newsletter Is Here,"{'body': {'value': 'July 31, 2026 - U.S.-Canada Bridge, Process Consolidation'}, 'child_css': {}, 'css': {}, 'id': 'preview_text', 'label': 'Preview Text <span class=help-text>This will be used as the preview text that displays in some email clients</span>', 'name': 'preview_text', 'order': 0, 'smart_type': None, 'styles': {}, 'type': 'text'}",Newsletter,2026-07-28,0,0,0,https://www.facebook.com/SMEMediaNews,0.0,0.0,0.0
217326894356,2026 Membership_Spotlight Series July #1,Free webinar: AI-enhanced ERP for manufacturers,"{'body': {'value': 'Join a free webinar on July 29'}, 'child_css': {}, 'css': {}, 'id': 'preview_text', 'label': 'Preview Text <span class=help-text>This will be used as the preview text that displays in some email clients</span>', 'name': 'preview_text', 'order': 0, 'smart_type': None, 'styles': {}, 'type': 'text'}",Unclassified,2026-07-16,31583,2739,78,https://49073304.hs-sites.com/-temporary-slug-d1d6b09f-ff36-411b-8c10-9680f56ea222,0.0024696830573409747,0.0867238704366273,0.028477546549835708
217739028308,Mastercam Aug 18 Webinar Email #1,Upcoming Virtual Experience: Multiaxis Tips & Tricks with Ben Chuong,"{'body': {'value': 'Seats are OPEN: get more out of multiaxis programming in Mastercam.\xa0'}, 'child_css': {}, 'css': {}, 'id': 'preview_text', 'label': 'Preview Text <span class=help-text>This will be used as the preview text that displays in some email clients</span>', 'name': 'preview_text', 'order': 0, 'smart_type': None, 'styles': {}, 'type': 'text'}",Unclassified,2026-07-23,0,0,0,,0.0,0.0,0.0
217743894058,2026 Membership_Sept Leadership Training #1,Back by Popular Demand: Transitioning to Leadership in Manufacturing,"{'body': {'value': 'Register for the Sept-Oct leadership training'}, 'child_css': {}, 'css': {}, 'id': 'preview_text', 'label': 'Preview Text <span class=help-text>This will be used as the preview text that displays in some email clients</span>', 'name': 'preview_text', 'order': 0, 'styles': {}, 'type': 'text'}",Unclassified,2026-07-24,0,0,0,,0.0,0.0,0.0
217743894291,2026 Membership_Aug MES #1,Is Your Facility Layout Limiting Production? Find Out August 26,"{'body': {'value': 'Learn practical strategies to optimize plant layout, improve capacity and integrate automation. Free for SME members.'}, 'child_css': {}, 'css': {}, 'id': 'preview_text', 'label': 'Preview Text <span class=help-text>This will be used as the preview text that displays in some email clients</span>', 'name': 'preview_text', 'order': 0, 'styles': {}, 'type': 'text'}",Unclassified,2026-07-22,0,0,0,,0.0,0.0,0.0
217738734646,Iscar Aug 5 Webinar Email #2,Upcoming Virtual Experience | Turning Economics: Where Cost per Part Is Really Won,"{'body': {'value': 'Limited seats are still available for this hands-on virtual experience!'}, 'child_css': {}, 'css': {}, 'id': 'preview_text', 'label': 'Preview Text <span class=help-text>This will be used as the preview text that displays in some email clients</span>', 'name': 'preview_text', 'order': 0, 'smart_type': None, 'styles': {}, 'type': 'text'}",Unclassified,2026-07-23,10339,1142,172,https://49073304.hs-sites.com/personalization_tokencontact.firstname-hi-class-is-in-session,0.016636038301576554,0.11045555663023503,0.15061295971978983
217669683003,MW 7/24/26,Your Manufacturing Weekly Newsletter Is Here,"{'body': {'value': 'July 24, 2026 - The No.1 Site for A&D Investments'}, 'child_css': {}, 'css': {}, 'id': 'preview_text', 'label': 'Preview Text <span class=help-text>This will be used as the preview text that displays in some email clients</span>', 'name': 'preview_text', 'order': 0, 'smart_type': None, 'styles': {}, 'type': 'text'}",Newsletter,2026-07-24,36270,2583,263,https://www.facebook.com/SMEMediaNews,0.0072511717673008,0.07121588089330025,0.10181958962446767
217838063718,Mastercam Aug 18 Webinar Email #1 (Clone),Upcoming Virtual Experience: Multiaxis Tips & Tricks with Ben Chuong,"{'body': {'value': 'Seats are open: get more out of multiaxis programming in Mastercam.'}, 'child_css': {}, 'css': {}, 'id': 'preview_text', 'label': 'Preview Text <span class=help-text>This will be used as the preview text that displays in some email clients</span>', 'name': 'preview_text', 'order': 0, 'smart_type': None, 'styles': {}, 'type': 'text'}",Unclassified,2026-07-23,10755,2395,198,https://49073304.hs-sites.com/upcoming-virtual-experience-multiaxis-tips-tricks-with-ben-chuong-1,0.018410041841004185,0.22268712226871223,0.0826722338204593
217726311755,MW 7/28/26,Your Manufacturing Weekly Newsletter Is Here,"{'body': {'value': 'July 28, 2026 - New Tariff Duties on Trading Partners'}, 'child_css': {}, 'css': {}, 'id': 'preview_text', 'label': 'Preview Text <span class=help-text>This will be used as the preview text that displays in some email clients</span>', 'name': 'preview_text', 'order': 0, 'smart_type': None, 'styles': {}, 'type': 'text'}",Newsletter,2026-07-28,36231,2373,205,https://www.facebook.com/SMEMediaNews,0.005658138058568629,0.06549639811211394,0.08638853771597134
218017007873,2026 Membership_Sept Leadership Training #2,Only 30 Spots Available for This Leadership Training,"{'body': {'value': 'Register for the Sept-Oct leadership training'}, 'child_css': {}, 'css': {}, 'id': 'preview_text', 'label': 'Preview Text <span class=help-text>This will be used as the preview text that displays in some email clients</span>', 'name': 'preview_text', 'order': 0, 'smart_type': None, 'styles': {}, 'type': 'text'}",Unclassified,2026-07-27,503,257,9,https://49073304.hs-sites.com/-temporary-slug-09216c3e-2029-43f8-979e-0728f60c88e3,0.017892644135188866,0.510934393638171,0.03501945525291829
217892047645,2026 Membership_Spotlight Series July #2,AI Is Changing Manufacturing. Is Your ERP Keeping Up? ,"{'body': {'value': 'Join a free webinar on July 29'}, 'child_css': {}, 'css': {}, 'id': 'preview_text', 'label': 'Preview Text <span class=help-text>This will be used as the preview text that displays in some email clients</span>', 'name': 'preview_text', 'order': 0, 'smart_type': None, 'styles': {}, 'type': 'text'}",Unclassified,2026-07-24,1873,1714,32,https://49073304.hs-sites.com/-temporary-slug-fc92b677-9cff-455c-85dd-8ce1afa62448,0.017084890549919914,0.9151094500800854,0.01866977829638273
218017012249,2026 Membership_Sept Leadership Training #4,Last Chance for Member-Only Leadership Training Registration,"{'body': {'value': 'Register for the Sept-Oct leadership training'}, 'child_css': {}, 'css': {}, 'id': 'preview_text', 'label': 'Preview Text <span class=help-text>This will be used as the preview text that displays in some email clients</span>', 'name': 'preview_text', 'order': 0, 'smart_type': None, 'styles': {}, 'type': 'text'}",Unclassified,2026-07-27,0,0,0,https://49073304.hs-sites.com/-temporary-slug-26aaf7af-bb16-42ec-bbbe-879e48a706e1,0.0,0.0,0.0
218017012345,2026 Membership_Sept Leadership Training #3,Only 4 Days Left for Exclusive Member Access ⭐ ,"{'body': {'value': 'Register for the Sept-Oct leadership training'}, 'child_css': {}, 'css': {}, 'id': 'preview_text', 'label': 'Preview Text <span class=help-text>This will be used as the preview text that displays in some email clients</span>', 'name': 'preview_text', 'order': 0, 'smart_type': None, 'styles': {}, 'type': 'text'}",Unclassified,2026-07-27,0,0,0,https://49073304.hs-sites.com/-temporary-slug-52430bc3-4d7e-4aa9-a992-6bf1d0239456,0.0,0.0,0.0
218017018979,2026 Membership_Sept Leadership Training #1,Back by Popular Demand: Transitioning to Leadership in Manufacturing,"{'body': {'value': 'Register for the Sept-Oct leadership training'}, 'child_css': {}, 'css': {}, 'id': 'preview_text', 'label': 'Preview Text <span class=help-text>This will be used as the preview text that displays in some email clients</span>', 'name': 'preview_text', 'order': 0, 'smart_type': None, 'styles': {}, 'type': 'text'}",Unclassified,2026-07-27,5749,617,19,https://49073304.hs-sites.com/-temporary-slug-c9259efe-4cff-46eb-8c03-13075b0d161c,0.0033049225952339538,0.1073230126978605,0.03079416531604538
218098694955,2026 Membership_SME Engage July 31,Register Now: FREE SME Engagement Events,"{'body': {'value': ""9 dates you won't want to miss""}, 'child_css': {}, 'css': {}, 'id': 'preview_text', 'label': 'Preview Text <span class=help-text>This will be used as the preview text that displays in some email clients</span>', 'name': 'preview_text', 'order': 0, 'smart_type': None, 'styles': {}, 'type': 'text'}",Unclassified,2026-07-27,0,0,0,,0.0,0.0,0.0
218108906162,New email,,"{'body': {'value': ''}, 'child_css': {}, 'css': {}, 'id': 'preview_text', 'label': 'Preview Text <span class=help-text>This will be used as the preview text that displays in some email clients</span>', 'name': 'preview_text', 'order': 0, 'smart_type': None, 'styles': {}, 'type': 'text'}",Unclassified,2026-07-27,0,0,0,,0.0,0.0,0.0
218276762987,MW 8/4/26,Your Manufacturing Weekly Newsletter Is Here,"{'body': {'value': 'August 4, 2026 - U.S.-Canada Bridge, Process Consolidation'}, 'child_css': {}, 'css': {}, 'id': 'preview_text', 'label': 'Preview Text <span class=help-text>This will be used as the preview text that displays in some email clients</span>', 'name': 'preview_text', 'order': 0, 'smart_type': None, 'styles': {}, 'type': 'text'}",Newsletter,2026-07-29,0,0,0,https://www.facebook.com/SMEMediaNews,0.0,0.0,0.0
218280829824,MW 8/7/26,Your Manufacturing Weekly Newsletter Is Here,"{'body': {'value': 'August 7, 2026 - U.S.-Canada Bridge, Process Consolidation'}, 'child_css': {}, 'css': {}, 'id': 'preview_text', 'label': 'Preview Text <span class=help-text>This will be used as the preview text that displays in some email clients</span>', 'name': 'preview_text', 'order': 0, 'smart_type': None, 'styles': {}, 'type': 'text'}",Newsletter,2026-07-29,0,0,0,https://www.facebook.com/SMEMediaNews,0.0,0.0,0.0
218305592671,2026 Membership_Spotlight Series August #2,Are your systems keeping up with your growth?,"{'body': {'value': 'Join a free webinar on August 12'}, 'child_css': {}, 'css': {}, 'id': 'preview_text', 'label': 'Preview Text <span class=help-text>This will be used as the preview text that displays in some email clients</span>', 'name': 'preview_text', 'order': 0, 'smart_type': None, 'styles': {}, 'type': 'text'}",Unclassified,2026-07-29,0,0,0,https://49073304.hs-sites.com/-temporary-slug-6d538a87-441c-4449-8f12-ed64346a6893,0.0,0.0,0.0
218041722443,2026 Membership_VCF Employer #1 August,Hiring? Meet Qualified Manufacturing Talent on August 13 ⭐,"{'body': {'value': 'Reserve a booth at a Virtual Career Fair on Aug. 7'}, 'child_css': {}, 'css': {}, 'id': 'preview_text', 'label': 'Preview Text <span class=help-text>This will be used as the preview text that displays in some email clients</span>', 'name': 'preview_text', 'order': 0, 'smart_type': None, 'styles': {}, 'type': 'text'}",Unclassified,2026-07-27,5697,1037,46,https://49073304.hs-sites.com/-temporary-slug-2056f11b-83a4-4815-910c-074f69a564e5,0.00807442513603651,0.18202562752325785,0.044358727097396335
218311422358,2026 Membership_Spotlight Series August #3,In 30 Mins: Practical insights for growing manufacturers,"{'body': {'value': 'Join a free webinar at 2 p.m. ET'}, 'child_css': {}, 'css': {}, 'id': 'preview_text', 'label': 'Preview Text <span class=help-text>This will be used as the preview text that displays in some email clients</span>', 'name': 'preview_text', 'order': 0, 'smart_type': None, 'styles': {}, 'type': 'text'}",Unclassified,2026-07-29,0,0,0,https://49073304.hs-sites.com/-temporary-slug-92225a56-e58e-449c-9877-e053a8d20623,0.0,0.0,0.0
218311338562,2026 Membership_Spotlight Series August #1,What Growing Manufacturers Need to Know About ERP,"{'body': {'value': 'Join a free webinar on August 12'}, 'child_css': {}, 'css': {}, 'id': 'preview_text', 'label': 'Preview Text <span class=help-text>This will be used as the preview text that displays in some email clients</span>', 'name': 'preview_text', 'order': 0, 'smart_type': None, 'styles': {}, 'type': 'text'}",Unclassified,2026-07-29,0,0,0,https://49073304.hs-sites.com/-temporary-slug-23ea9c73-eaf2-4700-b29d-30c4bcc3f6a5,0.0,0.0,0.0
218041694348,2026 Membership_Spotlight Series July #3,In 30 Mins: AI-Enhanced Cloud ERP for Manufacturing ,"{'body': {'value': 'Join a free webinar at 2 p.m. ET'}, 'child_css': {}, 'css': {}, 'id': 'preview_text', 'label': 'Preview Text <span class=help-text>This will be used as the preview text that displays in some email clients</span>', 'name': 'preview_text', 'order': 0, 'smart_type': None, 'styles': {}, 'type': 'text'}",Unclassified,2026-07-26,8919,2188,73,https://49073304.hs-sites.com/-temporary-slug-280dfd22-c606-4334-b86f-ebb614cff346,0.008184774077811414,0.24531898194864896,0.03336380255941499
217838589840,2026 Membership_SME Engage July 24 (Clone) (Clone),Register Now: FREE SME Engagement Events,"{'body': {'value': ""9 dates you won't want to miss""}, 'child_css': {}, 'css': {}, 'id': 'preview_text', 'label': 'Preview Text <span class=help-text>This will be used as the preview text that displays in some email clients</span>', 'name': 'preview_text', 'order': 0, 'smart_type': None, 'styles': {}, 'type': 'text'}",Unclassified,2026-07-23,7462,814,168,https://49073304.hs-sites.com/register-now-free-sme-engagement-events-1784835415322,0.0225140712945591,0.1090860359153042,0.20638820638820637
